instance,size_class,n,method,run,Z_best,Z_init,time_s,iters
CSDVRP-L-C-03-n75,L,75,CW,1,2213.5978958302053,2213.5978958302053,0.019832399993902072,0
CSDVRP-L-C-03-n75,L,75,ClassicalALNS,1,1750.4005076859896,2213.5978958302053,117.9158996999904,5000
CSDVRP-L-C-03-n75,L,75,ClassicalALNS,2,1724.8942672993835,2213.5978958302053,60.01406560000032,5000
CSDVRP-L-C-03-n75,L,75,ClassicalALNS,3,1681.074848698544,2213.5978958302053,71.25346839998383,5000
CSDVRP-L-C-03-n75,L,75,ClassicalALNS,4,1683.77526620288,2213.5978958302053,67.59800980001455,5000
CSDVRP-L-C-03-n75,L,75,ClassicalALNS,5,1652.4718543687757,2213.5978958302053,75.52240380001604,5000
CSDVRP-L-C-03-n75,L,75,DRL-ALNS,1,1676.7816345373471,2213.5978958302053,83.69964710000204,5000
CSDVRP-L-C-03-n75,L,75,DRL-ALNS,2,1655.816311122208,2213.5978958302053,81.61294339998858,5000
CSDVRP-L-C-03-n75,L,75,DRL-ALNS,3,1648.4918161291223,2213.5978958302053,82.89729270001408,5000
CSDVRP-L-C-03-n75,L,75,DRL-ALNS,4,1657.26032567451,2213.5978958302053,82.92152859998168,5000
CSDVRP-L-C-03-n75,L,75,DRL-ALNS,5,1668.6761228454716,2213.5978958302053,105.18802850000793,5000
CSDVRP-L-C-02-n75,L,75,CW,1,2522.216631308433,2522.216631308433,0.018260399985592812,0
CSDVRP-L-C-02-n75,L,75,ClassicalALNS,1,1852.3822403297847,2522.216631308433,121.63274749999982,5000
CSDVRP-L-C-02-n75,L,75,ClassicalALNS,2,1846.0415647454972,2522.216631308433,68.91170530000818,5000
CSDVRP-L-C-02-n75,L,75,ClassicalALNS,3,1801.929582576677,2522.216631308433,68.20697970001493,5000
CSDVRP-L-C-02-n75,L,75,ClassicalALNS,4,1825.1970262041496,2522.216631308433,68.72540110000409,5000
CSDVRP-L-C-02-n75,L,75,ClassicalALNS,5,1861.0655280473795,2522.216631308433,64.96993079999811,5000
CSDVRP-L-C-02-n75,L,75,DRL-ALNS,1,1785.1980024639117,2522.216631308433,93.51705429999856,5000
CSDVRP-L-C-02-n75,L,75,DRL-ALNS,2,1800.7772877062935,2522.216631308433,91.22244770001271,5000
CSDVRP-L-C-02-n75,L,75,DRL-ALNS,3,1781.3117445041548,2522.216631308433,98.43469319998985,5000
CSDVRP-L-C-02-n75,L,75,DRL-ALNS,4,1846.176390421517,2522.216631308433,82.51306920000934,5000
CSDVRP-L-C-02-n75,L,75,DRL-ALNS,5,1800.0902190143777,2522.216631308433,91.25344800000312,5000
CSDVRP-L-C-01-n75,L,75,CW,1,2241.2663028610536,2241.2663028610536,0.037516399985179305,0
CSDVRP-L-C-01-n75,L,75,ClassicalALNS,1,1680.988332722446,2241.2663028610536,124.69433209998533,5000
CSDVRP-L-C-01-n75,L,75,ClassicalALNS,2,1744.127832555809,2241.2663028610536,94.17167129999143,5000
CSDVRP-L-C-01-n75,L,75,ClassicalALNS,3,1663.0196648338163,2241.2663028610536,82.52188450001995,5000
CSDVRP-L-C-01-n75,L,75,ClassicalALNS,4,1671.0306271368306,2241.2663028610536,80.01921830000356,5000
CSDVRP-L-C-01-n75,L,75,ClassicalALNS,5,1672.0444047601873,2241.2663028610536,78.50124430001597,5000
CSDVRP-L-C-01-n75,L,75,DRL-ALNS,1,1655.0912362124377,2241.2663028610536,82.65049079997698,5000
CSDVRP-L-C-01-n75,L,75,DRL-ALNS,2,1683.319749445429,2241.2663028610536,84.67726289998973,5000
CSDVRP-L-C-01-n75,L,75,DRL-ALNS,3,1648.0187307435256,2241.2663028610536,95.68203409999842,5000
CSDVRP-L-C-01-n75,L,75,DRL-ALNS,4,1704.051263122666,2241.2663028610536,82.02522750000935,5000
CSDVRP-L-C-01-n75,L,75,DRL-ALNS,5,1706.189129708977,2241.2663028610536,90.28500069997972,5000
CSDVRP-L-C-04-n75,L,75,CW,1,2545.311020005591,2545.311020005591,0.03089269998599775,0
CSDVRP-L-C-04-n75,L,75,ClassicalALNS,1,1933.0375036067971,2545.311020005591,129.36886109999614,5000
CSDVRP-L-C-04-n75,L,75,ClassicalALNS,2,1971.586541543933,2545.311020005591,82.23822409997229,5000
CSDVRP-L-C-04-n75,L,75,ClassicalALNS,3,1918.0322896072298,2545.311020005591,71.15171770000597,5000
CSDVRP-L-C-04-n75,L,75,ClassicalALNS,4,1917.0506986813566,2545.311020005591,68.78917689999798,5000
CSDVRP-L-C-04-n75,L,75,ClassicalALNS,5,2004.3925060249342,2545.311020005591,77.72957649998716,5000
CSDVRP-L-C-04-n75,L,75,DRL-ALNS,1,2040.9300583855372,2545.311020005591,112.19173260001116,5000
CSDVRP-L-C-04-n75,L,75,DRL-ALNS,2,1992.7504688645165,2545.311020005591,93.83623330001137,5000
CSDVRP-L-C-04-n75,L,75,DRL-ALNS,3,1972.4568554599223,2545.311020005591,90.53371010001865,5000
CSDVRP-L-C-04-n75,L,75,DRL-ALNS,4,1966.667778914274,2545.311020005591,93.12506930000382,5000
CSDVRP-L-C-04-n75,L,75,DRL-ALNS,5,1981.2645253748935,2545.311020005591,110.98718129997724,5000
CSDVRP-L-C-05-n75,L,75,CW,1,2136.8328602595584,2136.8328602595584,0.004749699990497902,0
CSDVRP-L-C-05-n75,L,75,ClassicalALNS,1,1690.593838205034,2136.8328602595584,67.41941249999218,5000
CSDVRP-L-C-05-n75,L,75,ClassicalALNS,2,1687.9866789284963,2136.8328602595584,59.47650730001624,5000
CSDVRP-L-C-05-n75,L,75,ClassicalALNS,3,1649.1061980734482,2136.8328602595584,52.63146900001448,5000
CSDVRP-L-C-05-n75,L,75,ClassicalALNS,4,1670.292874477567,2136.8328602595584,53.45318959999713,5000
CSDVRP-L-C-05-n75,L,75,ClassicalALNS,5,1688.5849655368688,2136.8328602595584,54.837019400001736,5000
CSDVRP-L-C-05-n75,L,75,DRL-ALNS,1,1618.7041802911044,2136.8328602595584,79.44091919998755,5000
CSDVRP-L-C-05-n75,L,75,DRL-ALNS,2,1721.9197557695722,2136.8328602595584,90.92501189999166,5000
CSDVRP-L-C-05-n75,L,75,DRL-ALNS,3,1647.8206372999257,2136.8328602595584,68.00701719999779,5000
CSDVRP-L-C-05-n75,L,75,DRL-ALNS,4,1663.440531384947,2136.8328602595584,62.37792040000204,5000
CSDVRP-L-C-05-n75,L,75,DRL-ALNS,5,1655.6045613454141,2136.8328602595584,65.19071160000749,5000
CSDVRP-L-C-04-n100,L,100,CW,1,3010.917388292708,3010.917388292708,0.0535645000054501,0
CSDVRP-L-C-04-n100,L,100,ClassicalALNS,1,2206.5609360331036,3010.917388292708,189.19715160000487,5000
CSDVRP-L-C-04-n100,L,100,ClassicalALNS,2,2235.588064562632,3010.917388292708,174.616927199997,5000
CSDVRP-L-C-04-n100,L,100,ClassicalALNS,3,2321.91837602645,3010.917388292708,146.66187609999906,5000
CSDVRP-L-C-04-n100,L,100,ClassicalALNS,4,2342.7785659414003,3010.917388292708,154.78760670000338,5000
CSDVRP-L-C-04-n100,L,100,ClassicalALNS,5,2306.520361742251,3010.917388292708,154.59187820000807,5000
CSDVRP-L-C-04-n100,L,100,DRL-ALNS,1,2158.3404221799033,3010.917388292708,151.8612054999976,5000
CSDVRP-L-C-04-n100,L,100,DRL-ALNS,2,2207.8468827441875,3010.917388292708,144.68267169999308,5000
CSDVRP-L-C-04-n100,L,100,DRL-ALNS,3,2297.250635397954,3010.917388292708,138.63521999999648,5000
CSDVRP-L-C-04-n100,L,100,DRL-ALNS,4,2268.0284107196035,3010.917388292708,211.52612220001174,5000
CSDVRP-L-C-04-n100,L,100,DRL-ALNS,5,2260.973183194657,3010.917388292708,246.219692499988,5000
CSDVRP-L-C-02-n100,L,100,CW,1,3603.7529914524503,3603.7529914524503,0.032249199983198196,0
CSDVRP-L-C-02-n100,L,100,ClassicalALNS,1,2461.2147184072733,3603.7529914524503,208.3797991000174,5000
CSDVRP-L-C-02-n100,L,100,ClassicalALNS,2,2487.8662125245255,3603.7529914524503,133.95709469998837,5000
CSDVRP-L-C-02-n100,L,100,ClassicalALNS,3,2543.389236075669,3603.7529914524503,142.0230864000041,5000
CSDVRP-L-C-02-n100,L,100,ClassicalALNS,4,2434.4574156013455,3603.7529914524503,149.02104630001122,5000
CSDVRP-L-C-02-n100,L,100,ClassicalALNS,5,2396.7770152623975,3603.7529914524503,125.39047479999135,5000
CSDVRP-L-C-02-n100,L,100,DRL-ALNS,1,2376.23970395027,3603.7529914524503,174.3682257999899,5000
CSDVRP-L-C-02-n100,L,100,DRL-ALNS,2,2425.8871921551654,3603.7529914524503,149.95894470001804,5000
CSDVRP-L-C-02-n100,L,100,DRL-ALNS,3,2358.8316370702732,3603.7529914524503,169.9629208999977,5000
CSDVRP-L-C-02-n100,L,100,DRL-ALNS,4,2341.7293188626622,3603.7529914524503,220.89671510001062,5000
CSDVRP-L-C-02-n100,L,100,DRL-ALNS,5,2398.9834442883644,3603.7529914524503,243.854354399984,5000
CSDVRP-L-C-03-n100,L,100,CW,1,3072.6413011182644,3072.6413011182644,0.04822080000303686,0
CSDVRP-L-C-03-n100,L,100,ClassicalALNS,1,2447.2366887457124,3072.6413011182644,200.4072690999892,5000
CSDVRP-L-C-03-n100,L,100,ClassicalALNS,2,2477.406820471472,3072.6413011182644,175.72239020001143,5000
CSDVRP-L-C-03-n100,L,100,ClassicalALNS,3,2455.3575389213966,3072.6413011182644,146.18119320002734,5000
CSDVRP-L-C-03-n100,L,100,ClassicalALNS,4,2462.626668768644,3072.6413011182644,151.84977070000605,5000
CSDVRP-L-C-03-n100,L,100,ClassicalALNS,5,2450.329894627713,3072.6413011182644,157.65284200001042,5000
CSDVRP-L-C-03-n100,L,100,DRL-ALNS,1,2420.1606926841064,3072.6413011182644,150.17938909999793,5000
CSDVRP-L-C-03-n100,L,100,DRL-ALNS,2,2502.2397299956624,3072.6413011182644,157.66413369998918,5000
CSDVRP-L-C-03-n100,L,100,DRL-ALNS,3,2449.0221939383305,3072.6413011182644,137.57306230001268,5000
CSDVRP-L-C-03-n100,L,100,DRL-ALNS,4,2411.080983613671,3072.6413011182644,223.53351679997286,5000
CSDVRP-L-C-03-n100,L,100,DRL-ALNS,5,2414.795060212539,3072.6413011182644,232.6637861999916,5000
CSDVRP-L-C-01-n100,L,100,CW,1,2476.8602241275316,2476.8602241275316,0.05333579998114146,0
CSDVRP-L-C-01-n100,L,100,ClassicalALNS,1,2029.0383349608146,2476.8602241275316,212.23287859998527,5000
CSDVRP-L-C-01-n100,L,100,ClassicalALNS,2,1974.3045563543105,2476.8602241275316,162.52246360000572,5000
CSDVRP-L-C-01-n100,L,100,ClassicalALNS,3,2062.770615742018,2476.8602241275316,159.55895720000262,5000
CSDVRP-L-C-01-n100,L,100,ClassicalALNS,4,1962.46571461296,2476.8602241275316,161.36969449999742,5000
CSDVRP-L-C-01-n100,L,100,ClassicalALNS,5,2138.086591205512,2476.8602241275316,165.69037789999857,5000
CSDVRP-L-C-01-n100,L,100,DRL-ALNS,1,2006.4542029832426,2476.8602241275316,165.7424329999776,5000
CSDVRP-L-C-01-n100,L,100,DRL-ALNS,2,2053.1258115289406,2476.8602241275316,155.26572140000644,5000
CSDVRP-L-C-01-n100,L,100,DRL-ALNS,3,1971.6878067873,2476.8602241275316,134.5015940000012,5000
CSDVRP-L-C-01-n100,L,100,DRL-ALNS,4,2021.6075275813596,2476.8602241275316,216.07271930002025,5000
CSDVRP-L-C-01-n100,L,100,DRL-ALNS,5,2015.4202474562358,2476.8602241275316,253.14738880001823,5000
CSDVRP-L-C-06-n75,L,75,CW,1,2543.8299541207593,2543.8299541207593,0.0038012000150047243,0
CSDVRP-L-C-06-n75,L,75,ClassicalALNS,1,1746.0553331257424,2543.8299541207593,70.864381100022,5000
CSDVRP-L-C-06-n75,L,75,ClassicalALNS,2,1737.8666208042557,2543.8299541207593,68.15140050000628,5000
CSDVRP-L-C-06-n75,L,75,ClassicalALNS,3,1821.8263978104621,2543.8299541207593,71.42083190000267,5000
CSDVRP-L-C-06-n75,L,75,ClassicalALNS,4,1837.6862970994925,2543.8299541207593,64.73604469999555,5000
CSDVRP-L-C-06-n75,L,75,ClassicalALNS,5,1799.5514942128075,2543.8299541207593,69.39015250001103,5000
CSDVRP-L-C-06-n75,L,75,DRL-ALNS,1,1810.5528925401188,2543.8299541207593,138.13325909999548,5000
CSDVRP-L-C-06-n75,L,75,DRL-ALNS,2,1772.8656113359084,2543.8299541207593,140.45923810001113,5000
CSDVRP-L-C-06-n75,L,75,DRL-ALNS,3,1803.6920184715605,2543.8299541207593,150.7035954000021,5000
CSDVRP-L-C-06-n75,L,75,DRL-ALNS,4,1740.6736760720394,2543.8299541207593,130.68731589999516,5000
CSDVRP-L-C-06-n75,L,75,DRL-ALNS,5,1847.577362982444,2543.8299541207593,134.08423109998694,5000
CSDVRP-L-C-06-n100,L,100,CW,1,2480.2694278717413,2480.2694278717413,0.009728799981530756,0
CSDVRP-L-C-06-n100,L,100,ClassicalALNS,1,1874.3089408235048,2480.2694278717413,132.06440779997502,5000
CSDVRP-L-C-06-n100,L,100,ClassicalALNS,2,1907.7387200917976,2480.2694278717413,124.72870120001608,5000
CSDVRP-L-C-06-n100,L,100,ClassicalALNS,3,2010.9750036720445,2480.2694278717413,130.40902160000405,5000
CSDVRP-L-C-06-n100,L,100,ClassicalALNS,4,1866.7726018441374,2480.2694278717413,103.4995035000029,5000
CSDVRP-L-C-06-n100,L,100,ClassicalALNS,5,1926.51357487914,2480.2694278717413,86.73596289998386,5000
CSDVRP-L-C-06-n100,L,100,DRL-ALNS,1,1929.1247685385179,2480.2694278717413,119.11551260002307,5000
CSDVRP-L-C-06-n100,L,100,DRL-ALNS,2,1904.6456918456909,2480.2694278717413,226.93106669999543,5000
CSDVRP-L-C-06-n100,L,100,DRL-ALNS,3,1901.684795761987,2480.2694278717413,299.73691579999286,5000
CSDVRP-L-C-06-n100,L,100,DRL-ALNS,4,1882.3399513197387,2480.2694278717413,310.530187700002,5000
CSDVRP-L-C-06-n100,L,100,DRL-ALNS,5,1923.4973351765566,2480.2694278717413,324.6332296000037,5000
CSDVRP-L-C-05-n100,L,100,CW,1,3083.585596411069,3083.585596411069,0.007697099994402379,0
CSDVRP-L-C-05-n100,L,100,ClassicalALNS,1,2430.9822522670265,3083.585596411069,144.09747710000374,5000
CSDVRP-L-C-05-n100,L,100,ClassicalALNS,2,2416.865808519347,3083.585596411069,135.766555899987,5000
CSDVRP-L-C-05-n100,L,100,ClassicalALNS,3,2441.5446747334067,3083.585596411069,130.09980510000605,5000
CSDVRP-L-C-05-n100,L,100,ClassicalALNS,4,2480.9044993917646,3083.585596411069,188.43896520001,5000
CSDVRP-L-C-05-n100,L,100,ClassicalALNS,5,2416.210481742521,3083.585596411069,210.14150100000552,5000
CSDVRP-L-C-05-n100,L,100,DRL-ALNS,1,2459.1638124504957,3083.585596411069,230.28743289998965,5000
CSDVRP-L-C-05-n100,L,100,DRL-ALNS,2,2386.6879622812166,3083.585596411069,320.37003540000296,5000
CSDVRP-L-C-05-n100,L,100,DRL-ALNS,3,2374.1570045707176,3083.585596411069,341.5634470000223,5000
CSDVRP-L-C-05-n100,L,100,DRL-ALNS,4,2425.3429902784446,3083.585596411069,290.6631488999992,5000
CSDVRP-L-C-05-n100,L,100,DRL-ALNS,5,2465.7341690467642,3083.585596411069,306.9298476999975,5000
CSDVRP-L-C-08-n75,L,75,CW,1,2194.7613239638636,2194.7613239638636,0.003904500015778467,0
CSDVRP-L-C-08-n75,L,75,ClassicalALNS,1,1503.756504837633,2194.7613239638636,88.97254749998683,5000
CSDVRP-L-C-08-n75,L,75,ClassicalALNS,2,1393.3257836166304,2194.7613239638636,110.76097009997466,5000
CSDVRP-L-C-08-n75,L,75,ClassicalALNS,3,1540.3150179831432,2194.7613239638636,126.97191920000478,5000
CSDVRP-L-C-08-n75,L,75,ClassicalALNS,4,1449.5131121184586,2194.7613239638636,146.34541509998962,5000
CSDVRP-L-C-08-n75,L,75,ClassicalALNS,5,1476.132123502694,2194.7613239638636,110.05652000001282,5000
CSDVRP-L-C-08-n75,L,75,DRL-ALNS,1,1435.605354942155,2194.7613239638636,202.7085470999882,5000
CSDVRP-L-C-08-n75,L,75,DRL-ALNS,2,1400.1968074717508,2194.7613239638636,169.03817650000565,5000
CSDVRP-L-C-08-n75,L,75,DRL-ALNS,3,1508.7104504898525,2194.7613239638636,145.4221340000222,5000
CSDVRP-L-C-08-n75,L,75,DRL-ALNS,4,1469.2468948910962,2194.7613239638636,152.0487204999954,5000
CSDVRP-L-C-08-n75,L,75,DRL-ALNS,5,1530.694041708393,2194.7613239638636,147.86015930000576,5000
CSDVRP-L-C-07-n75,L,75,CW,1,2618.3603731489056,2618.3603731489056,0.004647499998100102,0
CSDVRP-L-C-07-n75,L,75,ClassicalALNS,1,2000.8436108674798,2618.3603731489056,99.86869010000373,5000
CSDVRP-L-C-07-n75,L,75,ClassicalALNS,2,1965.0463544504548,2618.3603731489056,93.54518410001765,5000
CSDVRP-L-C-07-n75,L,75,ClassicalALNS,3,1949.2206526445486,2618.3603731489056,153.74267629999667,5000
CSDVRP-L-C-07-n75,L,75,ClassicalALNS,4,1949.47979246853,2618.3603731489056,131.82280210001045,5000
CSDVRP-L-C-07-n75,L,75,ClassicalALNS,5,2044.3082248640246,2618.3603731489056,158.22960300001432,5000
CSDVRP-L-C-07-n75,L,75,DRL-ALNS,1,1901.7262268386219,2618.3603731489056,189.8840460999927,5000
CSDVRP-L-C-07-n75,L,75,DRL-ALNS,2,1890.1249562262378,2618.3603731489056,190.38192010001512,5000
CSDVRP-L-C-07-n75,L,75,DRL-ALNS,3,1885.2654885172178,2618.3603731489056,138.29388549999567,5000
CSDVRP-L-C-07-n75,L,75,DRL-ALNS,4,1895.7340523613395,2618.3603731489056,162.61433329997817,5000
CSDVRP-L-C-07-n75,L,75,DRL-ALNS,5,1920.2230496032514,2618.3603731489056,152.1045846999914,5000
CSDVRP-L-C-09-n75,L,75,CW,1,2580.3238320885307,2580.3238320885307,0.005392099992604926,0
CSDVRP-L-C-09-n75,L,75,ClassicalALNS,1,1725.5944011179872,2580.3238320885307,161.3345313000027,5000
CSDVRP-L-C-09-n75,L,75,ClassicalALNS,2,1705.8901614624733,2580.3238320885307,126.10261240002,5000
CSDVRP-L-C-09-n75,L,75,ClassicalALNS,3,1678.8808467483937,2580.3238320885307,152.95717000000877,5000
CSDVRP-L-C-09-n75,L,75,ClassicalALNS,4,1666.5890134976719,2580.3238320885307,158.44781300000614,5000
CSDVRP-L-C-09-n75,L,75,ClassicalALNS,5,1704.0945243715857,2580.3238320885307,133.67146710000816,5000
CSDVRP-L-C-09-n75,L,75,DRL-ALNS,1,1649.1743749235195,2580.3238320885307,128.558635399997,5000
CSDVRP-L-C-09-n75,L,75,DRL-ALNS,2,1653.005347001313,2580.3238320885307,144.26074660001905,5000
CSDVRP-L-C-09-n75,L,75,DRL-ALNS,3,1653.281046782785,2580.3238320885307,142.25121019998915,5000
CSDVRP-L-C-09-n75,L,75,DRL-ALNS,4,1669.257922294719,2580.3238320885307,144.93979640002362,5000
CSDVRP-L-C-09-n75,L,75,DRL-ALNS,5,1734.8878337740596,2580.3238320885307,167.99316270000418,5000
CSDVRP-L-C-08-n100,L,100,CW,1,2886.294561942676,2886.294561942676,0.0064101000025402755,0
CSDVRP-L-C-08-n100,L,100,ClassicalALNS,1,2239.444487953132,2886.294561942676,190.3992273999902,5000
CSDVRP-L-C-08-n100,L,100,ClassicalALNS,2,2300.303720400221,2886.294561942676,278.0126892999979,5000
CSDVRP-L-C-08-n100,L,100,ClassicalALNS,3,2267.601172882588,2886.294561942676,270.1321981000074,5000
CSDVRP-L-C-08-n100,L,100,ClassicalALNS,4,2289.776576346382,2886.294561942676,279.91137469999376,5000
CSDVRP-L-C-08-n100,L,100,ClassicalALNS,5,2289.435672570592,2886.294561942676,220.7443180999835,5000
CSDVRP-L-C-08-n100,L,100,DRL-ALNS,1,2301.939669432708,2886.294561942676,288.1507327000145,5000
CSDVRP-L-C-08-n100,L,100,DRL-ALNS,2,2315.0911617054007,2886.294561942676,303.88139140000567,5000
CSDVRP-L-C-08-n100,L,100,DRL-ALNS,3,2229.050546154191,2886.294561942676,260.2406409000105,5000
CSDVRP-L-C-08-n100,L,100,DRL-ALNS,4,2330.6578948650294,2886.294561942676,301.6667957000027,5000
CSDVRP-L-C-08-n100,L,100,DRL-ALNS,5,2313.4071306776113,2886.294561942676,336.1621370000066,5000
CSDVRP-L-C-07-n100,L,100,CW,1,2503.4964872862583,2503.4964872862583,0.02599460000055842,0
CSDVRP-L-C-07-n100,L,100,ClassicalALNS,1,1872.8876073862575,2503.4964872862583,219.9166278000048,5000
CSDVRP-L-C-07-n100,L,100,ClassicalALNS,2,1994.7952951232983,2503.4964872862583,253.7604541000037,5000
CSDVRP-L-C-07-n100,L,100,ClassicalALNS,3,1858.4518563982183,2503.4964872862583,109.96876300001168,5000
CSDVRP-L-C-07-n100,L,100,ClassicalALNS,4,1809.8714205476065,2503.4964872862583,139.68733190000057,5000
CSDVRP-L-C-07-n100,L,100,ClassicalALNS,5,2066.5585197440487,2503.4964872862583,367.8255964000127,5000
CSDVRP-L-C-07-n100,L,100,DRL-ALNS,1,1895.8731392095629,2503.4964872862583,404.155001600011,5000
CSDVRP-L-C-07-n100,L,100,DRL-ALNS,2,1875.852651959202,2503.4964872862583,350.1797917000076,5000
CSDVRP-L-C-07-n100,L,100,DRL-ALNS,3,1935.4883261613797,2503.4964872862583,418.74868219997734,5000
CSDVRP-L-C-07-n100,L,100,DRL-ALNS,4,1922.7337848029686,2503.4964872862583,333.61885099997744,5000
CSDVRP-L-C-07-n100,L,100,DRL-ALNS,5,1862.0359583445686,2503.4964872862583,383.3218990000023,5000
CSDVRP-L-C-10-n75,L,75,CW,1,2188.070338333561,2188.070338333561,0.005372600018745288,0
CSDVRP-L-C-10-n75,L,75,ClassicalALNS,1,1494.6124773453103,2188.070338333561,128.56998950001434,5000
CSDVRP-L-C-10-n75,L,75,ClassicalALNS,2,1523.4476529024503,2188.070338333561,113.37174440000672,5000
CSDVRP-L-C-10-n75,L,75,ClassicalALNS,3,1490.571604154423,2188.070338333561,151.11521230000653,5000
CSDVRP-L-C-10-n75,L,75,ClassicalALNS,4,1450.9296144374975,2188.070338333561,123.16848100000061,5000
CSDVRP-L-C-10-n75,L,75,ClassicalALNS,5,1480.88832030784,2188.070338333561,113.4784925999993,5000
CSDVRP-L-C-10-n75,L,75,DRL-ALNS,1,1494.7331012792577,2188.070338333561,130.2054935999913,5000
CSDVRP-L-C-10-n75,L,75,DRL-ALNS,2,1517.881265315234,2188.070338333561,146.01633399998536,5000
CSDVRP-L-C-10-n75,L,75,DRL-ALNS,3,1480.4679408063098,2188.070338333561,174.00308949997998,5000
CSDVRP-L-C-10-n75,L,75,DRL-ALNS,4,1469.2728819202764,2188.070338333561,174.00821080000605,5000
CSDVRP-L-C-10-n75,L,75,DRL-ALNS,5,1472.7468064269424,2188.070338333561,171.21111969999038,5000
CSDVRP-L-R-01-n75,L,75,CW,1,2740.826700790408,2740.826700790408,0.0047107999853324145,0
CSDVRP-L-R-01-n75,L,75,ClassicalALNS,1,2183.9001559505214,2740.826700790408,115.62517270000535,5000
CSDVRP-L-R-01-n75,L,75,ClassicalALNS,2,2071.9972797509554,2740.826700790408,117.77365650000866,5000
CSDVRP-L-R-01-n75,L,75,ClassicalALNS,3,2186.9665607330708,2740.826700790408,128.95127059999504,5000
CSDVRP-L-R-01-n75,L,75,ClassicalALNS,4,2195.063241705446,2740.826700790408,106.54956640000455,5000
CSDVRP-L-R-01-n75,L,75,ClassicalALNS,5,2089.921877040021,2740.826700790408,120.860425699997,5000
CSDVRP-L-R-01-n75,L,75,DRL-ALNS,1,2075.044354471176,2740.826700790408,137.47050060000038,5000
CSDVRP-L-R-01-n75,L,75,DRL-ALNS,2,2112.9620359004375,2740.826700790408,140.91540749999695,5000
CSDVRP-L-R-01-n75,L,75,DRL-ALNS,3,2081.9704928065617,2740.826700790408,169.53352880000602,5000
CSDVRP-L-R-01-n75,L,75,DRL-ALNS,4,2067.1700952192327,2740.826700790408,170.61379259999376,5000
CSDVRP-L-R-01-n75,L,75,DRL-ALNS,5,2077.9867864425555,2740.826700790408,177.94304119999288,5000
CSDVRP-L-C-09-n100,L,100,CW,1,3136.908583306223,3136.908583306223,0.006354500015731901,0
CSDVRP-L-C-09-n100,L,100,ClassicalALNS,1,2040.1617941246159,3136.908583306223,258.6435031000001,5000
CSDVRP-L-C-09-n100,L,100,ClassicalALNS,2,2168.7274583896105,3136.908583306223,246.2384620999801,5000
CSDVRP-L-C-09-n100,L,100,ClassicalALNS,3,2201.4568096000958,3136.908583306223,283.533711200027,5000
CSDVRP-L-C-09-n100,L,100,ClassicalALNS,4,2287.4085345305984,3136.908583306223,236.65247369999997,5000
CSDVRP-L-C-09-n100,L,100,ClassicalALNS,5,2112.1868603045937,3136.908583306223,244.96330050000688,5000
CSDVRP-L-C-09-n100,L,100,DRL-ALNS,1,2085.8012417195478,3136.908583306223,311.97757789999014,5000
CSDVRP-L-C-09-n100,L,100,DRL-ALNS,2,2112.9152271411185,3136.908583306223,291.5624201000028,5000
CSDVRP-L-C-09-n100,L,100,DRL-ALNS,3,2069.5106376946296,3136.908583306223,274.3548893999832,5000
CSDVRP-L-C-09-n100,L,100,DRL-ALNS,4,2241.551679862199,3136.908583306223,330.4624608999875,5000
CSDVRP-L-C-09-n100,L,100,DRL-ALNS,5,2077.573374969117,3136.908583306223,403.96027740000864,5000
CSDVRP-L-C-10-n100,L,100,CW,1,3150.4292617857136,3150.4292617857136,0.006229500024346635,0
CSDVRP-L-C-10-n100,L,100,ClassicalALNS,1,2240.652358884462,3150.4292617857136,264.1975636999996,5000
CSDVRP-L-C-10-n100,L,100,ClassicalALNS,2,2142.8727191869757,3150.4292617857136,277.10399470000993,5000
CSDVRP-L-C-10-n100,L,100,ClassicalALNS,3,2085.478064744752,3150.4292617857136,235.61578610001015,5000
CSDVRP-L-C-10-n100,L,100,ClassicalALNS,4,2122.1049779065743,3150.4292617857136,251.77714469999773,5000
CSDVRP-L-C-10-n100,L,100,ClassicalALNS,5,2101.1634168763476,3150.4292617857136,250.42966300001717,5000
CSDVRP-L-C-10-n100,L,100,DRL-ALNS,1,2110.480884381544,3150.4292617857136,307.30134800000815,5000
CSDVRP-L-C-10-n100,L,100,DRL-ALNS,2,2199.802448595011,3150.4292617857136,357.1528971000225,5000
CSDVRP-L-C-10-n100,L,100,DRL-ALNS,3,2152.508167562084,3150.4292617857136,279.9503954999964,5000
CSDVRP-L-C-10-n100,L,100,DRL-ALNS,4,2160.6793405245216,3150.4292617857136,295.6188266000245,5000
CSDVRP-L-C-10-n100,L,100,DRL-ALNS,5,2145.059075937377,3150.4292617857136,285.668603099999,5000
CSDVRP-L-R-01-n100,L,100,CW,1,3982.8013683110457,3982.8013683110457,0.028752400015946478,0
CSDVRP-L-R-01-n100,L,100,ClassicalALNS,1,2786.3641433120465,3982.8013683110457,244.60188829997787,5000
CSDVRP-L-R-01-n100,L,100,ClassicalALNS,2,2834.4166416255584,3982.8013683110457,214.95399029998225,5000
CSDVRP-L-R-01-n100,L,100,ClassicalALNS,3,2842.6569368258492,3982.8013683110457,208.00260549999075,5000
CSDVRP-L-R-01-n100,L,100,ClassicalALNS,4,2846.0349639215733,3982.8013683110457,209.80093769999803,5000
CSDVRP-L-R-01-n100,L,100,ClassicalALNS,5,2748.137059791295,3982.8013683110457,322.36259239999345,5000
CSDVRP-L-R-01-n100,L,100,DRL-ALNS,1,2880.5944680719326,3982.8013683110457,293.98527549998835,5000
CSDVRP-L-R-01-n100,L,100,DRL-ALNS,2,2852.3071608109058,3982.8013683110457,251.7639393999998,5000
CSDVRP-L-R-01-n100,L,100,DRL-ALNS,3,2871.1941177760837,3982.8013683110457,255.1498974999995,5000
CSDVRP-L-R-01-n100,L,100,DRL-ALNS,4,2829.695633780116,3982.8013683110457,253.8598674000241,5000
CSDVRP-L-R-01-n100,L,100,DRL-ALNS,5,2857.6390418015108,3982.8013683110457,263.8961658999906,5000
CSDVRP-L-R-02-n75,L,75,CW,1,3085.4840029491893,3085.4840029491893,0.023651199997402728,0
CSDVRP-L-R-02-n75,L,75,ClassicalALNS,1,2094.0020715392675,3085.4840029491893,149.19971019998775,5000
CSDVRP-L-R-02-n75,L,75,ClassicalALNS,2,2197.8382186269014,3085.4840029491893,151.3431500000006,5000
CSDVRP-L-R-02-n75,L,75,ClassicalALNS,3,2212.5949570268967,3085.4840029491893,144.9224583999894,5000
CSDVRP-L-R-02-n75,L,75,ClassicalALNS,4,2210.902331079051,3085.4840029491893,152.37832530000014,5000
CSDVRP-L-R-02-n75,L,75,ClassicalALNS,5,2062.92358491232,3085.4840029491893,131.8509258000122,5000
CSDVRP-L-R-02-n75,L,75,DRL-ALNS,1,2133.2075272085417,3085.4840029491893,159.31328890001168,5000
CSDVRP-L-R-02-n75,L,75,DRL-ALNS,2,2122.932393850878,3085.4840029491893,165.8280858999933,5000
CSDVRP-L-R-02-n75,L,75,DRL-ALNS,3,2160.6296350137973,3085.4840029491893,169.64827509998577,5000
CSDVRP-L-R-02-n75,L,75,DRL-ALNS,4,2147.467260801448,3085.4840029491893,152.11223330002395,5000
CSDVRP-L-R-02-n75,L,75,DRL-ALNS,5,2123.47797481476,3085.4840029491893,131.39543350000167,5000
CSDVRP-L-R-04-n75,L,75,CW,1,2786.47513819382,2786.47513819382,0.004872499994235113,0
CSDVRP-L-R-04-n75,L,75,ClassicalALNS,1,1966.2810818896014,2786.47513819382,112.864918199979,5000
CSDVRP-L-R-04-n75,L,75,ClassicalALNS,2,1947.8937761107047,2786.47513819382,117.96120829999563,5000
CSDVRP-L-R-04-n75,L,75,ClassicalALNS,3,1963.8331629983124,2786.47513819382,123.25580990000162,5000
CSDVRP-L-R-04-n75,L,75,ClassicalALNS,4,2024.6793671084185,2786.47513819382,136.72928630001843,5000
CSDVRP-L-R-04-n75,L,75,ClassicalALNS,5,2029.8163078056843,2786.47513819382,130.9034963999875,5000
CSDVRP-L-R-04-n75,L,75,DRL-ALNS,1,1893.9042227010518,2786.47513819382,166.6306678999972,5000
CSDVRP-L-R-04-n75,L,75,DRL-ALNS,2,1904.7646502433026,2786.47513819382,169.25469160001376,5000
CSDVRP-L-R-04-n75,L,75,DRL-ALNS,3,1909.687629346162,2786.47513819382,168.321285300015,5000
CSDVRP-L-R-04-n75,L,75,DRL-ALNS,4,1995.5613288801665,2786.47513819382,128.61789920000592,5000
CSDVRP-L-R-04-n75,L,75,DRL-ALNS,5,1908.851439149936,2786.47513819382,134.04657040000893,5000
CSDVRP-L-R-03-n75,L,75,CW,1,2757.2904761842665,2757.2904761842665,0.004945400025462732,0
CSDVRP-L-R-03-n75,L,75,ClassicalALNS,1,2026.3916208917178,2757.2904761842665,168.63586949999444,5000
CSDVRP-L-R-03-n75,L,75,ClassicalALNS,2,2055.0797310931716,2757.2904761842665,126.22247090001474,5000
CSDVRP-L-R-03-n75,L,75,ClassicalALNS,3,2054.973660411011,2757.2904761842665,162.34496829999262,5000
CSDVRP-L-R-03-n75,L,75,ClassicalALNS,4,2082.6934823447523,2757.2904761842665,134.69974509999156,5000
CSDVRP-L-R-03-n75,L,75,ClassicalALNS,5,1983.5562637724097,2757.2904761842665,148.34722200001124,5000
CSDVRP-L-R-03-n75,L,75,DRL-ALNS,1,2081.711235896995,2757.2904761842665,168.35466340000858,5000
CSDVRP-L-R-03-n75,L,75,DRL-ALNS,2,2069.6320307497963,2757.2904761842665,181.940007600002,5000
CSDVRP-L-R-03-n75,L,75,DRL-ALNS,3,2040.5074479100017,2757.2904761842665,157.00389419999556,5000
CSDVRP-L-R-03-n75,L,75,DRL-ALNS,4,2054.345621667105,2757.2904761842665,120.52487160000601,5000
CSDVRP-L-R-03-n75,L,75,DRL-ALNS,5,2059.6885132280195,2757.2904761842665,150.5504585999879,5000
CSDVRP-L-R-02-n100,L,100,CW,1,3720.5928867701705,3720.5928867701705,0.030416500027058646,0
CSDVRP-L-R-02-n100,L,100,ClassicalALNS,1,2690.270929840527,3720.5928867701705,253.13626060000388,5000
CSDVRP-L-R-02-n100,L,100,ClassicalALNS,2,2717.8764382316012,3720.5928867701705,292.1636550000112,5000
CSDVRP-L-R-02-n100,L,100,ClassicalALNS,3,2750.8554211782794,3720.5928867701705,335.0023541999981,5000
CSDVRP-L-R-02-n100,L,100,ClassicalALNS,4,2677.561243234404,3720.5928867701705,322.5788905999798,5000
CSDVRP-L-R-02-n100,L,100,ClassicalALNS,5,2773.941923564816,3720.5928867701705,316.4835071999987,5000
CSDVRP-L-R-02-n100,L,100,DRL-ALNS,1,2688.0590914671548,3720.5928867701705,331.50347150000744,5000
CSDVRP-L-R-02-n100,L,100,DRL-ALNS,2,2662.8781153935897,3720.5928867701705,315.67476720002014,5000
CSDVRP-L-R-02-n100,L,100,DRL-ALNS,3,2693.116632906301,3720.5928867701705,326.1878231999872,5000
CSDVRP-L-R-02-n100,L,100,DRL-ALNS,4,2676.3045062350384,3720.5928867701705,292.54189749999205,5000
CSDVRP-L-R-02-n100,L,100,DRL-ALNS,5,2689.02444796811,3720.5928867701705,214.68573870000546,5000
CSDVRP-L-R-05-n75,L,75,CW,1,2743.2389779104465,2743.2389779104465,0.004881400003796443,0
CSDVRP-L-R-05-n75,L,75,ClassicalALNS,1,1861.9318905919092,2743.2389779104465,119.64280590001727,5000
CSDVRP-L-R-05-n75,L,75,ClassicalALNS,2,1918.7581007014546,2743.2389779104465,101.8225497000094,5000
CSDVRP-L-R-05-n75,L,75,ClassicalALNS,3,1896.365944393073,2743.2389779104465,98.1737742999976,5000
CSDVRP-L-R-05-n75,L,75,ClassicalALNS,4,1965.2476415467502,2743.2389779104465,107.8920260000159,5000
CSDVRP-L-R-05-n75,L,75,ClassicalALNS,5,1905.735734287382,2743.2389779104465,98.60497919999762,5000
CSDVRP-L-R-05-n75,L,75,DRL-ALNS,1,1892.884066457964,2743.2389779104465,104.19298919997527,5000
CSDVRP-L-R-05-n75,L,75,DRL-ALNS,2,1850.4650906079091,2743.2389779104465,77.80575159998261,5000
CSDVRP-L-R-05-n75,L,75,DRL-ALNS,3,1936.8363737864436,2743.2389779104465,71.58739609998884,5000
CSDVRP-L-R-05-n75,L,75,DRL-ALNS,4,1855.0404113289096,2743.2389779104465,70.91804770001909,5000
CSDVRP-L-R-05-n75,L,75,DRL-ALNS,5,1865.4536116724705,2743.2389779104465,65.7166375000088,5000
CSDVRP-L-R-04-n100,L,100,CW,1,3710.219762526976,3710.219762526976,0.026789199997438118,0
CSDVRP-L-R-04-n100,L,100,ClassicalALNS,1,2517.4572720537317,3710.219762526976,234.159954200004,5000
CSDVRP-L-R-04-n100,L,100,ClassicalALNS,2,2523.037166004758,3710.219762526976,230.98184069999843,5000
CSDVRP-L-R-04-n100,L,100,ClassicalALNS,3,2586.2772256207377,3710.219762526976,294.93273770000087,5000
CSDVRP-L-R-04-n100,L,100,ClassicalALNS,4,2542.7127633114296,3710.219762526976,293.58439350000117,5000
CSDVRP-L-R-04-n100,L,100,ClassicalALNS,5,2529.7634492875227,3710.219762526976,221.0954188000178,5000
CSDVRP-L-R-04-n100,L,100,DRL-ALNS,1,2525.1853603130958,3710.219762526976,216.67389530001674,5000
CSDVRP-L-R-04-n100,L,100,DRL-ALNS,2,2494.935074986881,3710.219762526976,226.38867710001068,5000
CSDVRP-L-R-04-n100,L,100,DRL-ALNS,3,2478.892468828277,3710.219762526976,162.11718329999712,5000
CSDVRP-L-R-04-n100,L,100,DRL-ALNS,4,2507.928021796224,3710.219762526976,131.9826013999991,5000
CSDVRP-L-R-04-n100,L,100,DRL-ALNS,5,2497.7001808667583,3710.219762526976,122.4041392999934,5000
CSDVRP-L-R-03-n100,L,100,CW,1,3759.7525980390465,3759.7525980390465,0.008391500014113262,0
CSDVRP-L-R-03-n100,L,100,ClassicalALNS,1,2599.036233983006,3759.7525980390465,299.5446791999857,5000
CSDVRP-L-R-03-n100,L,100,ClassicalALNS,2,2578.563696985696,3759.7525980390465,262.94528420001734,5000
CSDVRP-L-R-03-n100,L,100,ClassicalALNS,3,2613.178876807791,3759.7525980390465,281.2765309000097,5000
CSDVRP-L-R-03-n100,L,100,ClassicalALNS,4,2613.6877831850925,3759.7525980390465,259.24147219999577,5000
CSDVRP-L-R-03-n100,L,100,ClassicalALNS,5,2684.9056385180647,3759.7525980390465,241.19043249997776,5000
CSDVRP-L-R-03-n100,L,100,DRL-ALNS,1,2565.3039684604955,3759.7525980390465,259.50023659999715,5000
CSDVRP-L-R-03-n100,L,100,DRL-ALNS,2,2547.1463667218554,3759.7525980390465,230.771622500004,5000
CSDVRP-L-R-03-n100,L,100,DRL-ALNS,3,2597.917510370298,3759.7525980390465,144.7547670000058,5000
CSDVRP-L-R-03-n100,L,100,DRL-ALNS,4,2568.919963370292,3759.7525980390465,131.2985725000035,5000
CSDVRP-L-R-03-n100,L,100,DRL-ALNS,5,2556.3699770965386,3759.7525980390465,171.65580349997617,5000
CSDVRP-L-R-06-n75,L,75,CW,1,2692.5785702933736,2692.5785702933736,0.004676499986089766,0
CSDVRP-L-R-06-n75,L,75,ClassicalALNS,1,1914.584002365687,2692.5785702933736,105.21217780001462,5000
CSDVRP-L-R-06-n75,L,75,ClassicalALNS,2,2014.599961794187,2692.5785702933736,102.17929599998752,5000
CSDVRP-L-R-06-n75,L,75,ClassicalALNS,3,1928.0121020575984,2692.5785702933736,69.23903709999286,5000
CSDVRP-L-R-06-n75,L,75,ClassicalALNS,4,1916.889598374495,2692.5785702933736,66.37145989999408,5000
CSDVRP-L-R-06-n75,L,75,ClassicalALNS,5,1860.422579034709,2692.5785702933736,72.15710369998123,5000
CSDVRP-L-R-06-n75,L,75,DRL-ALNS,1,1965.5615354773524,2692.5785702933736,79.41286959999707,5000
CSDVRP-L-R-06-n75,L,75,DRL-ALNS,2,1944.8476804347035,2692.5785702933736,67.24263369999244,5000
CSDVRP-L-R-06-n75,L,75,DRL-ALNS,3,1959.5477248328607,2692.5785702933736,78.45354630000656,5000
CSDVRP-L-R-06-n75,L,75,DRL-ALNS,4,1949.6526026215445,2692.5785702933736,69.1850301999948,5000
CSDVRP-L-R-06-n75,L,75,DRL-ALNS,5,1945.139449339724,2692.5785702933736,64.14700289999018,5000
CSDVRP-L-R-07-n75,L,75,CW,1,3090.6509251786656,3090.6509251786656,0.0055185999954119325,0
CSDVRP-L-R-07-n75,L,75,ClassicalALNS,1,1974.461835281478,3090.6509251786656,72.33437309999135,5000
CSDVRP-L-R-07-n75,L,75,ClassicalALNS,2,2038.5002917580139,3090.6509251786656,75.51069389999611,5000
CSDVRP-L-R-07-n75,L,75,ClassicalALNS,3,2004.3555161600254,3090.6509251786656,61.54724569999962,5000
CSDVRP-L-R-07-n75,L,75,ClassicalALNS,4,1973.7558284259794,3090.6509251786656,59.91899609999382,5000
CSDVRP-L-R-07-n75,L,75,ClassicalALNS,5,2019.4082156367015,3090.6509251786656,64.65837360001751,5000
CSDVRP-L-R-07-n75,L,75,DRL-ALNS,1,2036.7059363944732,3090.6509251786656,81.42101029999321,5000
CSDVRP-L-R-07-n75,L,75,DRL-ALNS,2,1961.2235532223815,3090.6509251786656,80.47751319999225,5000
CSDVRP-L-R-07-n75,L,75,DRL-ALNS,3,1969.1423542916136,3090.6509251786656,77.45657110001775,5000
CSDVRP-L-R-07-n75,L,75,DRL-ALNS,4,2015.3637006489214,3090.6509251786656,73.86640860000625,5000
CSDVRP-L-R-07-n75,L,75,DRL-ALNS,5,2028.1042041357534,3090.6509251786656,94.81690060000983,5000
CSDVRP-L-R-05-n100,L,100,CW,1,3584.03909007109,3584.03909007109,0.008330099983140826,0
CSDVRP-L-R-05-n100,L,100,ClassicalALNS,1,2616.595865992832,3584.03909007109,247.73745970000164,5000
CSDVRP-L-R-05-n100,L,100,ClassicalALNS,2,2591.059045975767,3584.03909007109,232.81218440001248,5000
CSDVRP-L-R-05-n100,L,100,ClassicalALNS,3,2601.9441553296456,3584.03909007109,212.622838100011,5000
CSDVRP-L-R-05-n100,L,100,ClassicalALNS,4,2574.0246122907756,3584.03909007109,131.66196900000796,5000
CSDVRP-L-R-05-n100,L,100,ClassicalALNS,5,2561.5898030856097,3584.03909007109,121.01386500001536,5000
CSDVRP-L-R-05-n100,L,100,DRL-ALNS,1,2577.4923915019713,3584.03909007109,153.91574659998878,5000
CSDVRP-L-R-05-n100,L,100,DRL-ALNS,2,2542.1421563534427,3584.03909007109,144.86625440002535,5000
CSDVRP-L-R-05-n100,L,100,DRL-ALNS,3,2572.1137763782835,3584.03909007109,148.85055490001105,5000
CSDVRP-L-R-05-n100,L,100,DRL-ALNS,4,2538.3598321729205,3584.03909007109,146.4207269999897,5000
CSDVRP-L-R-05-n100,L,100,DRL-ALNS,5,2552.7401520220324,3584.03909007109,112.30639970002812,5000
CSDVRP-L-R-06-n100,L,100,CW,1,3477.816541776882,3477.816541776882,0.008074000012129545,0
CSDVRP-L-R-06-n100,L,100,ClassicalALNS,1,2490.2147566730205,3477.816541776882,201.48898749999353,5000
CSDVRP-L-R-06-n100,L,100,ClassicalALNS,2,2579.157871480458,3477.816541776882,151.62075179998646,5000
CSDVRP-L-R-06-n100,L,100,ClassicalALNS,3,2517.9151212307625,3477.816541776882,128.59494570002425,5000
CSDVRP-L-R-06-n100,L,100,ClassicalALNS,4,2501.729709994932,3477.816541776882,140.61444790000678,5000
CSDVRP-L-R-06-n100,L,100,ClassicalALNS,5,2644.8747082806326,3477.816541776882,114.2401058000105,5000
CSDVRP-L-R-06-n100,L,100,DRL-ALNS,1,2585.2724284251144,3477.816541776882,127.29924950000714,5000
CSDVRP-L-R-06-n100,L,100,DRL-ALNS,2,2600.101390938566,3477.816541776882,130.969605899998,5000
CSDVRP-L-R-06-n100,L,100,DRL-ALNS,3,2606.4287181479094,3477.816541776882,119.97284660002333,5000
CSDVRP-L-R-06-n100,L,100,DRL-ALNS,4,2451.1781676058354,3477.816541776882,146.24860629998147,5000
CSDVRP-L-R-06-n100,L,100,DRL-ALNS,5,2499.07731897172,3477.816541776882,121.15954309998779,5000
CSDVRP-L-R-08-n75,L,75,CW,1,2743.668104327173,2743.668104327173,0.005672200000844896,0
CSDVRP-L-R-08-n75,L,75,ClassicalALNS,1,1778.109470929448,2743.668104327173,60.69693269999698,5000
CSDVRP-L-R-08-n75,L,75,ClassicalALNS,2,1787.8844448219522,2743.668104327173,59.655662799981656,5000
CSDVRP-L-R-08-n75,L,75,ClassicalALNS,3,1814.5215879060545,2743.668104327173,69.79814800000167,5000
CSDVRP-L-R-08-n75,L,75,ClassicalALNS,4,1828.913111763041,2743.668104327173,56.89423710000119,5000
CSDVRP-L-R-08-n75,L,75,ClassicalALNS,5,1833.3631323585253,2743.668104327173,62.728210099972785,5000
CSDVRP-L-R-08-n75,L,75,DRL-ALNS,1,1798.890646757132,2743.668104327173,73.56270100001711,5000
CSDVRP-L-R-08-n75,L,75,DRL-ALNS,2,1847.5039046567413,2743.668104327173,70.44166950002545,5000
CSDVRP-L-R-08-n75,L,75,DRL-ALNS,3,1813.954966048847,2743.668104327173,72.78538479999406,5000
CSDVRP-L-R-08-n75,L,75,DRL-ALNS,4,1746.1468704587662,2743.668104327173,61.825921899988316,5000
CSDVRP-L-R-08-n75,L,75,DRL-ALNS,5,1797.8388623165774,2743.668104327173,56.166872100002365,5000
CSDVRP-M-C-01-n30,M,30,CW,1,1212.1594450880114,1212.1594450880114,0.0009557000012136996,0
CSDVRP-M-C-01-n30,M,30,ClassicalALNS,1,797.3512673903504,1212.1594450880114,3.562416300002951,3000
CSDVRP-M-C-01-n30,M,30,ClassicalALNS,2,875.5125270335179,1212.1594450880114,3.0206893000286072,3000
CSDVRP-M-C-01-n30,M,30,ClassicalALNS,3,794.5269319641757,1212.1594450880114,3.6014810999913607,3000
CSDVRP-M-C-01-n30,M,30,ClassicalALNS,4,795.6782349317224,1212.1594450880114,3.55165430001216,3000
CSDVRP-M-C-01-n30,M,30,ClassicalALNS,5,793.9751279755328,1212.1594450880114,3.386879700003192,3000
CSDVRP-M-C-01-n30,M,30,DRL-ALNS,1,795.6584306202926,1212.1594450880114,6.498737499990966,3000
CSDVRP-M-C-01-n30,M,30,DRL-ALNS,2,793.7956032543963,1212.1594450880114,6.975967700011097,3000
CSDVRP-M-C-01-n30,M,30,DRL-ALNS,3,791.4467897850657,1212.1594450880114,6.591065199987497,3000
CSDVRP-M-C-01-n30,M,30,DRL-ALNS,4,810.9496375307742,1212.1594450880114,6.497435800003586,3000
CSDVRP-M-C-01-n30,M,30,DRL-ALNS,5,810.0165747245131,1212.1594450880114,6.431237600016175,3000
CSDVRP-M-C-02-n30,M,30,CW,1,1438.9532370579223,1438.9532370579223,0.0006279000081121922,0
CSDVRP-M-C-02-n30,M,30,ClassicalALNS,1,839.4250835344072,1438.9532370579223,3.3374996000202373,3000
CSDVRP-M-C-02-n30,M,30,ClassicalALNS,2,747.1933388358495,1438.9532370579223,3.1378150999953505,3000
CSDVRP-M-C-02-n30,M,30,ClassicalALNS,3,842.3850310826961,1438.9532370579223,3.6500739000039175,3000
CSDVRP-M-C-02-n30,M,30,ClassicalALNS,4,742.4264977528375,1438.9532370579223,2.9000774000014644,3000
CSDVRP-M-C-02-n30,M,30,ClassicalALNS,5,769.5271850557019,1438.9532370579223,2.9363655999768525,3000
CSDVRP-M-C-02-n30,M,30,DRL-ALNS,1,837.7875967885142,1438.9532370579223,6.344679400004679,3000
CSDVRP-M-C-02-n30,M,30,DRL-ALNS,2,840.6864522816799,1438.9532370579223,6.650877300009597,3000
CSDVRP-M-C-02-n30,M,30,DRL-ALNS,3,852.7551328993337,1438.9532370579223,5.860660100006498,3000
CSDVRP-M-C-02-n30,M,30,DRL-ALNS,4,844.1666387251644,1438.9532370579223,6.311534899985418,3000
CSDVRP-M-C-02-n30,M,30,DRL-ALNS,5,873.9175973737957,1438.9532370579223,6.596816899982514,3000
CSDVRP-L-R-09-n75,L,75,CW,1,2709.475365192058,2709.475365192058,0.005555799987632781,0
CSDVRP-L-R-09-n75,L,75,ClassicalALNS,1,1823.216103903934,2709.475365192058,56.01806709999801,5000
CSDVRP-L-R-09-n75,L,75,ClassicalALNS,2,1786.7290827032389,2709.475365192058,59.49067840000498,5000
CSDVRP-L-R-09-n75,L,75,ClassicalALNS,3,1787.7621006758593,2709.475365192058,66.3246643000166,5000
CSDVRP-L-R-09-n75,L,75,ClassicalALNS,4,1788.5015142990087,2709.475365192058,57.26183850000962,5000
CSDVRP-L-R-09-n75,L,75,ClassicalALNS,5,1856.3509661921785,2709.475365192058,58.11843880001106,5000
CSDVRP-L-R-09-n75,L,75,DRL-ALNS,1,1818.9203692198926,2709.475365192058,78.3248459000024,5000
CSDVRP-L-R-09-n75,L,75,DRL-ALNS,2,1856.268339951986,2709.475365192058,75.63418890000321,5000
CSDVRP-L-R-09-n75,L,75,DRL-ALNS,3,1804.7512133947716,2709.475365192058,65.30973249999806,5000
CSDVRP-L-R-09-n75,L,75,DRL-ALNS,4,1853.5640970061677,2709.475365192058,54.75631520000752,5000
CSDVRP-L-R-09-n75,L,75,DRL-ALNS,5,1835.9840936131927,2709.475365192058,57.77893349999795,5000
CSDVRP-M-C-01-n50,M,50,CW,1,1744.0168513686958,1744.0168513686958,0.0021795000066049397,0
CSDVRP-M-C-01-n50,M,50,ClassicalALNS,1,1265.4831876920537,1744.0168513686958,9.673272300016833,3000
CSDVRP-M-C-01-n50,M,50,ClassicalALNS,2,1249.3894566263116,1744.0168513686958,9.755232399998931,3000
CSDVRP-M-C-01-n50,M,50,ClassicalALNS,3,1326.3425386418032,1744.0168513686958,8.635046999988845,3000
CSDVRP-M-C-01-n50,M,50,ClassicalALNS,4,1256.6461968455135,1744.0168513686958,9.183097600005567,3000
CSDVRP-M-C-01-n50,M,50,ClassicalALNS,5,1260.8904985278182,1744.0168513686958,9.360427500010701,3000
CSDVRP-M-C-01-n50,M,50,DRL-ALNS,1,1254.058186207983,1744.0168513686958,14.497366900002817,3000
CSDVRP-M-C-01-n50,M,50,DRL-ALNS,2,1265.4180583912164,1744.0168513686958,12.980913600011263,3000
CSDVRP-M-C-01-n50,M,50,DRL-ALNS,3,1272.7899305436551,1744.0168513686958,12.255232800001977,3000
CSDVRP-M-C-01-n50,M,50,DRL-ALNS,4,1227.551382125532,1744.0168513686958,13.896347100002458,3000
CSDVRP-M-C-01-n50,M,50,DRL-ALNS,5,1244.2373462990956,1744.0168513686958,15.023746499995468,3000
CSDVRP-L-R-07-n100,L,100,CW,1,3529.145557734034,3529.145557734034,0.02614129998255521,0
CSDVRP-L-R-07-n100,L,100,ClassicalALNS,1,2655.9867904079606,3529.145557734034,220.07163920000312,5000
CSDVRP-L-R-07-n100,L,100,ClassicalALNS,2,2689.5959082314935,3529.145557734034,115.10206279999693,5000
CSDVRP-L-R-07-n100,L,100,ClassicalALNS,3,2648.439870634121,3529.145557734034,116.61186030000681,5000
CSDVRP-L-R-07-n100,L,100,ClassicalALNS,4,2660.6077417688703,3529.145557734034,120.13377000001492,5000
CSDVRP-L-R-07-n100,L,100,ClassicalALNS,5,2612.423852184504,3529.145557734034,153.07954449998215,5000
CSDVRP-L-R-07-n100,L,100,DRL-ALNS,1,2556.7952701000563,3529.145557734034,150.3587899999984,5000
CSDVRP-L-R-07-n100,L,100,DRL-ALNS,2,2622.5772650785657,3529.145557734034,166.58336690001306,5000
CSDVRP-L-R-07-n100,L,100,DRL-ALNS,3,2621.5467021715594,3529.145557734034,129.50885189999826,5000
CSDVRP-L-R-07-n100,L,100,DRL-ALNS,4,2641.8296585847975,3529.145557734034,137.74606229999335,5000
CSDVRP-L-R-07-n100,L,100,DRL-ALNS,5,2617.696587442127,3529.145557734034,126.29989859997295,5000
CSDVRP-M-C-03-n30,M,30,CW,1,1128.8886809469243,1128.8886809469243,0.0012999000027775764,0
CSDVRP-M-C-03-n30,M,30,ClassicalALNS,1,806.4265420604069,1128.8886809469243,6.129454399982933,3000
CSDVRP-M-C-03-n30,M,30,ClassicalALNS,2,832.806969577286,1128.8886809469243,6.053576699981932,3000
CSDVRP-M-C-03-n30,M,30,ClassicalALNS,3,842.4286319054783,1128.8886809469243,5.869495199993253,3000
CSDVRP-M-C-03-n30,M,30,ClassicalALNS,4,814.8997427528654,1128.8886809469243,6.066934399976162,3000
CSDVRP-M-C-03-n30,M,30,ClassicalALNS,5,804.6188395451844,1128.8886809469243,5.473248700000113,3000
CSDVRP-M-C-03-n30,M,30,DRL-ALNS,1,878.157001501986,1128.8886809469243,10.675799899996491,3000
CSDVRP-M-C-03-n30,M,30,DRL-ALNS,2,877.9804745954848,1128.8886809469243,10.316704299999401,3000
CSDVRP-M-C-03-n30,M,30,DRL-ALNS,3,852.575054515029,1128.8886809469243,10.342265199986286,3000
CSDVRP-M-C-03-n30,M,30,DRL-ALNS,4,828.7028820397468,1128.8886809469243,10.704973499989137,3000
CSDVRP-M-C-03-n30,M,30,DRL-ALNS,5,846.7436552483622,1128.8886809469243,10.588290300016524,3000
CSDVRP-M-C-04-n30,M,30,CW,1,1215.5437422497532,1215.5437422497532,0.0012058999855071306,0
CSDVRP-M-C-04-n30,M,30,ClassicalALNS,1,851.704849204265,1215.5437422497532,5.216990299988538,3000
CSDVRP-M-C-04-n30,M,30,ClassicalALNS,2,854.9438319399455,1215.5437422497532,5.768932600010885,3000
CSDVRP-M-C-04-n30,M,30,ClassicalALNS,3,851.0146144253146,1215.5437422497532,5.323405700008152,3000
CSDVRP-M-C-04-n30,M,30,ClassicalALNS,4,880.5282267416217,1215.5437422497532,4.942177599994466,3000
CSDVRP-M-C-04-n30,M,30,ClassicalALNS,5,865.8621514808342,1215.5437422497532,5.567520799988415,3000
CSDVRP-M-C-04-n30,M,30,DRL-ALNS,1,866.7577870786317,1215.5437422497532,10.017664999992121,3000
CSDVRP-M-C-04-n30,M,30,DRL-ALNS,2,861.6225124384381,1215.5437422497532,9.889591400016798,3000
CSDVRP-M-C-04-n30,M,30,DRL-ALNS,3,865.0709871805071,1215.5437422497532,10.352928600012092,3000
CSDVRP-M-C-04-n30,M,30,DRL-ALNS,4,850.448573482929,1215.5437422497532,10.026503300003242,3000
CSDVRP-M-C-04-n30,M,30,DRL-ALNS,5,863.4920155833074,1215.5437422497532,10.37040689997957,3000
CSDVRP-M-C-02-n50,M,50,CW,1,1574.3833311176431,1574.3833311176431,0.0014587000187020749,0
CSDVRP-M-C-02-n50,M,50,ClassicalALNS,1,1308.905445925197,1574.3833311176431,10.099188899999717,3000
CSDVRP-M-C-02-n50,M,50,ClassicalALNS,2,1296.304165858498,1574.3833311176431,9.845626700000139,3000
CSDVRP-M-C-02-n50,M,50,ClassicalALNS,3,1280.5658723675447,1574.3833311176431,13.418024700018577,3000
CSDVRP-M-C-02-n50,M,50,ClassicalALNS,4,1252.6034025799304,1574.3833311176431,14.922821299987845,3000
CSDVRP-M-C-02-n50,M,50,ClassicalALNS,5,1357.182553842266,1574.3833311176431,14.448623300006147,3000
CSDVRP-M-C-02-n50,M,50,DRL-ALNS,1,1314.9961233397717,1574.3833311176431,19.802359199995408,3000
CSDVRP-M-C-02-n50,M,50,DRL-ALNS,2,1234.332106977134,1574.3833311176431,21.61728539998876,3000
CSDVRP-M-C-02-n50,M,50,DRL-ALNS,3,1293.7083423572153,1574.3833311176431,19.863608699990436,3000
CSDVRP-M-C-02-n50,M,50,DRL-ALNS,4,1203.9479460729788,1574.3833311176431,20.540526099997805,3000
CSDVRP-M-C-02-n50,M,50,DRL-ALNS,5,1281.8987439225555,1574.3833311176431,20.73251309999614,3000
CSDVRP-M-C-03-n50,M,50,CW,1,2011.0735749613918,2011.0735749613918,0.0021373000054154545,0
CSDVRP-M-C-03-n50,M,50,ClassicalALNS,1,1451.3551102629358,2011.0735749613918,15.472859900008189,3000
CSDVRP-M-C-03-n50,M,50,ClassicalALNS,2,1382.971901241135,2011.0735749613918,15.248758300003828,3000
CSDVRP-M-C-03-n50,M,50,ClassicalALNS,3,1428.2730439238223,2011.0735749613918,14.384209499985445,3000
CSDVRP-M-C-03-n50,M,50,ClassicalALNS,4,1435.0903968337761,2011.0735749613918,14.402762700017774,3000
CSDVRP-M-C-03-n50,M,50,ClassicalALNS,5,1420.6819276448127,2011.0735749613918,14.291538300021784,3000
CSDVRP-M-C-03-n50,M,50,DRL-ALNS,1,1406.655310715952,2011.0735749613918,20.559683200001018,3000
CSDVRP-M-C-03-n50,M,50,DRL-ALNS,2,1392.5659320935356,2011.0735749613918,22.069432499993127,3000
CSDVRP-M-C-03-n50,M,50,DRL-ALNS,3,1388.3532230092853,2011.0735749613918,22.461354500002926,3000
CSDVRP-M-C-03-n50,M,50,DRL-ALNS,4,1420.4493063947127,2011.0735749613918,20.469217200006824,3000
CSDVRP-M-C-03-n50,M,50,DRL-ALNS,5,1393.1733778458422,2011.0735749613918,22.004491400002735,3000
CSDVRP-M-C-05-n30,M,30,CW,1,1219.7981740048256,1219.7981740048256,0.001219199999468401,0
CSDVRP-M-C-05-n30,M,30,ClassicalALNS,1,841.0395360225774,1219.7981740048256,5.6325354000146035,3000
CSDVRP-M-C-05-n30,M,30,ClassicalALNS,2,774.3814702968774,1219.7981740048256,5.240265400003409,3000
CSDVRP-M-C-05-n30,M,30,ClassicalALNS,3,800.387255363027,1219.7981740048256,5.909310000017285,3000
CSDVRP-M-C-05-n30,M,30,ClassicalALNS,4,806.8165057243207,1219.7981740048256,5.506630500021856,3000
CSDVRP-M-C-05-n30,M,30,ClassicalALNS,5,798.973699386212,1219.7981740048256,5.1899282000085805,3000
CSDVRP-M-C-05-n30,M,30,DRL-ALNS,1,815.5661464138775,1219.7981740048256,10.619836199999554,3000
CSDVRP-M-C-05-n30,M,30,DRL-ALNS,2,886.5187217586857,1219.7981740048256,10.97230120000313,3000
CSDVRP-M-C-05-n30,M,30,DRL-ALNS,3,879.8351477943751,1219.7981740048256,10.811951900017448,3000
CSDVRP-M-C-05-n30,M,30,DRL-ALNS,4,792.3335595425036,1219.7981740048256,10.219442400004482,3000
CSDVRP-M-C-05-n30,M,30,DRL-ALNS,5,857.2263487037527,1219.7981740048256,10.861577400006354,3000
CSDVRP-M-C-04-n50,M,50,CW,1,1595.5467809572106,1595.5467809572106,0.0030753999890293926,0
CSDVRP-M-C-04-n50,M,50,ClassicalALNS,1,1178.1174300547823,1595.5467809572106,13.638325999985682,3000
CSDVRP-M-C-04-n50,M,50,ClassicalALNS,2,1289.72343813494,1595.5467809572106,12.692779100005282,3000
CSDVRP-M-C-04-n50,M,50,ClassicalALNS,3,1291.508185188876,1595.5467809572106,13.588324099982856,3000
CSDVRP-M-C-04-n50,M,50,ClassicalALNS,4,1210.2224308889427,1595.5467809572106,13.076499199989485,3000
CSDVRP-M-C-04-n50,M,50,ClassicalALNS,5,1260.0317793793567,1595.5467809572106,11.345461400022032,3000
CSDVRP-M-C-04-n50,M,50,DRL-ALNS,1,1165.4945340681402,1595.5467809572106,18.278075299982447,3000
CSDVRP-M-C-04-n50,M,50,DRL-ALNS,2,1213.5317438481695,1595.5467809572106,18.770930800004862,3000
CSDVRP-M-C-04-n50,M,50,DRL-ALNS,3,1180.1154294060048,1595.5467809572106,18.106663999991724,3000
CSDVRP-M-C-04-n50,M,50,DRL-ALNS,4,1194.999747536249,1595.5467809572106,18.641576599999098,3000
CSDVRP-M-C-04-n50,M,50,DRL-ALNS,5,1235.22321548595,1595.5467809572106,21.436267899989616,3000
CSDVRP-M-C-06-n30,M,30,CW,1,950.2190721804751,950.2190721804751,0.0014047999866306782,0
CSDVRP-M-C-06-n30,M,30,ClassicalALNS,1,693.3670538666651,950.2190721804751,6.44401890001609,3000
CSDVRP-M-C-06-n30,M,30,ClassicalALNS,2,716.1736704904632,950.2190721804751,5.445246399991447,3000
CSDVRP-M-C-06-n30,M,30,ClassicalALNS,3,663.5633764330629,950.2190721804751,6.220573200000217,3000
CSDVRP-M-C-06-n30,M,30,ClassicalALNS,4,707.6596120169747,950.2190721804751,5.245066900009988,3000
CSDVRP-M-C-06-n30,M,30,ClassicalALNS,5,729.1432806012441,950.2190721804751,5.43406739999773,3000
CSDVRP-M-C-06-n30,M,30,DRL-ALNS,1,692.9536943792534,950.2190721804751,11.332088600000134,3000
CSDVRP-M-C-06-n30,M,30,DRL-ALNS,2,700.7267308223248,950.2190721804751,11.550538300012704,3000
CSDVRP-M-C-06-n30,M,30,DRL-ALNS,3,663.4804615997878,950.2190721804751,11.403545100009069,3000
CSDVRP-M-C-06-n30,M,30,DRL-ALNS,4,670.4566987481245,950.2190721804751,10.767324200016446,3000
CSDVRP-M-C-06-n30,M,30,DRL-ALNS,5,713.2603589124461,950.2190721804751,10.021057899983134,3000
CSDVRP-M-C-05-n50,M,50,CW,1,1652.795316942775,1652.795316942775,0.003361500013852492,0
CSDVRP-M-C-05-n50,M,50,ClassicalALNS,1,1330.066646863405,1652.795316942775,16.02739279999514,3000
CSDVRP-M-C-05-n50,M,50,ClassicalALNS,2,1250.330054100437,1652.795316942775,15.267628700006753,3000
CSDVRP-M-C-05-n50,M,50,ClassicalALNS,3,1294.9908249236391,1652.795316942775,15.66484940002556,3000
CSDVRP-M-C-05-n50,M,50,ClassicalALNS,4,1305.9012434765211,1652.795316942775,15.028309299988905,3000
CSDVRP-M-C-05-n50,M,50,ClassicalALNS,5,1296.8942501254423,1652.795316942775,13.856231799989473,3000
CSDVRP-M-C-05-n50,M,50,DRL-ALNS,1,1262.9831773488809,1652.795316942775,20.569571799976984,3000
CSDVRP-M-C-05-n50,M,50,DRL-ALNS,2,1295.9162935276952,1652.795316942775,24.358624599990435,3000
CSDVRP-M-C-05-n50,M,50,DRL-ALNS,3,1224.4309902558878,1652.795316942775,21.284272599994438,3000
CSDVRP-M-C-05-n50,M,50,DRL-ALNS,4,1266.582486149337,1652.795316942775,21.58913229999598,3000
CSDVRP-M-C-05-n50,M,50,DRL-ALNS,5,1251.876675132103,1652.795316942775,21.69685509998817,3000
CSDVRP-M-C-07-n30,M,30,CW,1,1117.0543413268083,1117.0543413268083,0.0012356000079307705,0
CSDVRP-M-C-07-n30,M,30,ClassicalALNS,1,881.8959318911367,1117.0543413268083,5.729000899998937,3000
CSDVRP-M-C-07-n30,M,30,ClassicalALNS,2,878.6807350182252,1117.0543413268083,5.848877700016601,3000
CSDVRP-M-C-07-n30,M,30,ClassicalALNS,3,899.6384182159583,1117.0543413268083,5.566764299990609,3000
CSDVRP-M-C-07-n30,M,30,ClassicalALNS,4,915.2253291846139,1117.0543413268083,5.841188599995803,3000
CSDVRP-M-C-07-n30,M,30,ClassicalALNS,5,873.8523108248573,1117.0543413268083,5.368458100012504,3000
CSDVRP-M-C-07-n30,M,30,DRL-ALNS,1,907.709446288325,1117.0543413268083,11.902241500007221,3000
CSDVRP-M-C-07-n30,M,30,DRL-ALNS,2,877.9082951538828,1117.0543413268083,11.275589199998649,3000
CSDVRP-M-C-07-n30,M,30,DRL-ALNS,3,892.314256381384,1117.0543413268083,11.369495099992491,3000
CSDVRP-M-C-07-n30,M,30,DRL-ALNS,4,888.6892667680996,1117.0543413268083,11.318791199999396,3000
CSDVRP-M-C-07-n30,M,30,DRL-ALNS,5,892.3206464114141,1117.0543413268083,11.352778500004206,3000
CSDVRP-M-C-06-n50,M,50,CW,1,1916.3182225808769,1916.3182225808769,0.002765399985946715,0
CSDVRP-M-C-06-n50,M,50,ClassicalALNS,1,1313.514079805326,1916.3182225808769,12.725381799973547,3000
CSDVRP-M-C-06-n50,M,50,ClassicalALNS,2,1446.971336653083,1916.3182225808769,11.36340589998872,3000
CSDVRP-M-C-06-n50,M,50,ClassicalALNS,3,1316.1652756092546,1916.3182225808769,13.640452599996934,3000
CSDVRP-M-C-06-n50,M,50,ClassicalALNS,4,1303.9316873951973,1916.3182225808769,12.483221800008323,3000
CSDVRP-M-C-06-n50,M,50,ClassicalALNS,5,1341.8950637427147,1916.3182225808769,13.192719400016358,3000
CSDVRP-M-C-06-n50,M,50,DRL-ALNS,1,1335.7809463811404,1916.3182225808769,19.529233500012197,3000
CSDVRP-M-C-06-n50,M,50,DRL-ALNS,2,1295.0610547577048,1916.3182225808769,18.411977000010666,3000
CSDVRP-M-C-06-n50,M,50,DRL-ALNS,3,1306.028204506443,1916.3182225808769,18.367965400015237,3000
CSDVRP-M-C-06-n50,M,50,DRL-ALNS,4,1274.1769784633427,1916.3182225808769,18.290345000015805,3000
CSDVRP-M-C-06-n50,M,50,DRL-ALNS,5,1281.7069403037256,1916.3182225808769,17.899307300016517,3000
CSDVRP-L-R-08-n100,L,100,CW,1,3577.429847001624,3577.429847001624,0.00933400000212714,0
CSDVRP-L-R-08-n100,L,100,ClassicalALNS,1,2508.677352153015,3577.429847001624,133.21779019999667,5000
CSDVRP-L-R-08-n100,L,100,ClassicalALNS,2,2493.713702190222,3577.429847001624,136.545515899983,5000
CSDVRP-L-R-08-n100,L,100,ClassicalALNS,3,2517.466903767498,3577.429847001624,102.37835680000717,5000
CSDVRP-L-R-08-n100,L,100,ClassicalALNS,4,2636.3933219728474,3577.429847001624,113.38599629999953,5000
CSDVRP-L-R-08-n100,L,100,ClassicalALNS,5,2510.6611563119777,3577.429847001624,138.99675520000164,5000
CSDVRP-L-R-08-n100,L,100,DRL-ALNS,1,2460.6907257710336,3577.429847001624,118.05407519999426,5000
CSDVRP-L-R-08-n100,L,100,DRL-ALNS,2,2480.1358120558866,3577.429847001624,108.80704250000417,5000
CSDVRP-L-R-08-n100,L,100,DRL-ALNS,3,2446.0703802683283,3577.429847001624,120.70980810001493,5000
CSDVRP-L-R-08-n100,L,100,DRL-ALNS,4,2518.3941653110046,3577.429847001624,140.0146475000074,5000
CSDVRP-L-R-08-n100,L,100,DRL-ALNS,5,2492.3268076201393,3577.429847001624,140.47654780000448,5000
CSDVRP-L-R-10-n75,L,75,CW,1,2793.8067969487906,2793.8067969487906,0.005112600018037483,0
CSDVRP-L-R-10-n75,L,75,ClassicalALNS,1,1882.3835001369437,2793.8067969487906,50.72258000000147,5000
CSDVRP-L-R-10-n75,L,75,ClassicalALNS,2,1967.5081726719502,2793.8067969487906,53.634048400010215,5000
CSDVRP-L-R-10-n75,L,75,ClassicalALNS,3,1936.558450506412,2793.8067969487906,46.74982430000091,5000
CSDVRP-L-R-10-n75,L,75,ClassicalALNS,4,1943.9622871667077,2793.8067969487906,44.596060099982424,5000
CSDVRP-L-R-10-n75,L,75,ClassicalALNS,5,1928.6497251180954,2793.8067969487906,44.725523700006306,5000
CSDVRP-L-R-10-n75,L,75,DRL-ALNS,1,1907.169041397376,2793.8067969487906,74.53419399997802,5000
CSDVRP-L-R-10-n75,L,75,DRL-ALNS,2,1894.9596480778864,2793.8067969487906,78.27706620001118,5000
CSDVRP-L-R-10-n75,L,75,DRL-ALNS,3,1976.852602610905,2793.8067969487906,74.42952060000971,5000
CSDVRP-L-R-10-n75,L,75,DRL-ALNS,4,1969.2681148503352,2793.8067969487906,74.76514110001153,5000
CSDVRP-L-R-10-n75,L,75,DRL-ALNS,5,1904.9977356608747,2793.8067969487906,76.34223189999466,5000
CSDVRP-M-C-08-n30,M,30,CW,1,975.5146638532301,975.5146638532301,0.0012351000041235238,0
CSDVRP-M-C-08-n30,M,30,ClassicalALNS,1,703.0466988487342,975.5146638532301,5.03596129998914,3000
CSDVRP-M-C-08-n30,M,30,ClassicalALNS,2,713.9062455638837,975.5146638532301,4.805568699986907,3000
CSDVRP-M-C-08-n30,M,30,ClassicalALNS,3,700.6524744686086,975.5146638532301,5.22178689998691,3000
CSDVRP-M-C-08-n30,M,30,ClassicalALNS,4,710.4715937423671,975.5146638532301,5.197184799995739,3000
CSDVRP-M-C-08-n30,M,30,ClassicalALNS,5,684.1842044140602,975.5146638532301,5.259501199994702,3000
CSDVRP-M-C-08-n30,M,30,DRL-ALNS,1,711.3108631570875,975.5146638532301,10.650218499999028,3000
CSDVRP-M-C-08-n30,M,30,DRL-ALNS,2,737.6322651287516,975.5146638532301,10.558619800023735,3000
CSDVRP-M-C-08-n30,M,30,DRL-ALNS,3,711.6002834019686,975.5146638532301,9.392576399986865,3000
CSDVRP-M-C-08-n30,M,30,DRL-ALNS,4,712.6086440535089,975.5146638532301,9.669732199981809,3000
CSDVRP-M-C-08-n30,M,30,DRL-ALNS,5,716.0831492845867,975.5146638532301,9.296539999981178,3000
CSDVRP-M-C-09-n30,M,30,CW,1,1027.4498944609213,1027.4498944609213,0.0012934000114910305,0
CSDVRP-M-C-09-n30,M,30,ClassicalALNS,1,858.4636904982157,1027.4498944609213,6.25540429999819,3000
CSDVRP-M-C-09-n30,M,30,ClassicalALNS,2,815.5880140736483,1027.4498944609213,5.6204790999763645,3000
CSDVRP-M-C-09-n30,M,30,ClassicalALNS,3,793.2870048769962,1027.4498944609213,5.493308800010709,3000
CSDVRP-M-C-09-n30,M,30,ClassicalALNS,4,845.8391230198799,1027.4498944609213,5.308818199991947,3000
CSDVRP-M-C-09-n30,M,30,ClassicalALNS,5,829.9565246491037,1027.4498944609213,5.941564200009452,3000
CSDVRP-M-C-09-n30,M,30,DRL-ALNS,1,817.4912443309925,1027.4498944609213,9.549692000000505,3000
CSDVRP-M-C-09-n30,M,30,DRL-ALNS,2,805.6867816530572,1027.4498944609213,9.686883599992143,3000
CSDVRP-M-C-09-n30,M,30,DRL-ALNS,3,804.4553204934517,1027.4498944609213,9.858152300002985,3000
CSDVRP-M-C-09-n30,M,30,DRL-ALNS,4,811.0948306598509,1027.4498944609213,10.078473999979906,3000
CSDVRP-M-C-09-n30,M,30,DRL-ALNS,5,808.9333257842791,1027.4498944609213,9.482725699985167,3000
CSDVRP-M-C-07-n50,M,50,CW,1,1939.7376021299312,1939.7376021299312,0.0030160000023897737,0
CSDVRP-M-C-07-n50,M,50,ClassicalALNS,1,1321.9240707633185,1939.7376021299312,14.817408999981126,3000
CSDVRP-M-C-07-n50,M,50,ClassicalALNS,2,1337.5685479940212,1939.7376021299312,13.425128100003349,3000
CSDVRP-M-C-07-n50,M,50,ClassicalALNS,3,1341.3107357607264,1939.7376021299312,12.290551600017352,3000
CSDVRP-M-C-07-n50,M,50,ClassicalALNS,4,1342.5205771829271,1939.7376021299312,14.502692800015211,3000
CSDVRP-M-C-07-n50,M,50,ClassicalALNS,5,1281.005362673305,1939.7376021299312,15.477747299999464,3000
CSDVRP-M-C-07-n50,M,50,DRL-ALNS,1,1282.2868606738286,1939.7376021299312,20.039651799976127,3000
CSDVRP-M-C-07-n50,M,50,DRL-ALNS,2,1332.1992504130237,1939.7376021299312,20.086235099995974,3000
CSDVRP-M-C-07-n50,M,50,DRL-ALNS,3,1333.863184163363,1939.7376021299312,22.45474300000933,3000
CSDVRP-M-C-07-n50,M,50,DRL-ALNS,4,1321.156184149744,1939.7376021299312,21.73453960000188,3000
CSDVRP-M-C-07-n50,M,50,DRL-ALNS,5,1316.540132420444,1939.7376021299312,21.491641600005096,3000
CSDVRP-M-C-10-n30,M,30,CW,1,1043.4053520513783,1043.4053520513783,0.0013862000196240842,0
CSDVRP-M-C-10-n30,M,30,ClassicalALNS,1,730.5333029069761,1043.4053520513783,5.435097399982624,3000
CSDVRP-M-C-10-n30,M,30,ClassicalALNS,2,706.2126695664198,1043.4053520513783,5.360392499977024,3000
CSDVRP-M-C-10-n30,M,30,ClassicalALNS,3,730.8358224313693,1043.4053520513783,5.768803599989042,3000
CSDVRP-M-C-10-n30,M,30,ClassicalALNS,4,740.9010513043228,1043.4053520513783,6.3501412000041455,3000
CSDVRP-M-C-10-n30,M,30,ClassicalALNS,5,702.0377131194265,1043.4053520513783,5.706447200005641,3000
CSDVRP-M-C-10-n30,M,30,DRL-ALNS,1,701.6823156359486,1043.4053520513783,10.258610499993665,3000
CSDVRP-M-C-10-n30,M,30,DRL-ALNS,2,755.1838222768259,1043.4053520513783,10.26343839999754,3000
CSDVRP-M-C-10-n30,M,30,DRL-ALNS,3,701.7812691378261,1043.4053520513783,10.714791500009596,3000
CSDVRP-M-C-10-n30,M,30,DRL-ALNS,4,772.4546720272309,1043.4053520513783,8.776348899991717,3000
CSDVRP-M-C-10-n30,M,30,DRL-ALNS,5,701.6823156359486,1043.4053520513783,10.21727049999754,3000
CSDVRP-M-C-08-n50,M,50,CW,1,1511.8668124308863,1511.8668124308863,0.0026413000014144927,0
CSDVRP-M-C-08-n50,M,50,ClassicalALNS,1,1164.104310779779,1511.8668124308863,13.404549700004281,3000
CSDVRP-M-C-08-n50,M,50,ClassicalALNS,2,1136.9930144223001,1511.8668124308863,15.611976999993203,3000
CSDVRP-M-C-08-n50,M,50,ClassicalALNS,3,1175.7474911154238,1511.8668124308863,13.480005199991865,3000
CSDVRP-M-C-08-n50,M,50,ClassicalALNS,4,1137.2979248906304,1511.8668124308863,13.407983599987347,3000
CSDVRP-M-C-08-n50,M,50,ClassicalALNS,5,1191.705004448725,1511.8668124308863,13.003745099995285,3000
CSDVRP-M-C-08-n50,M,50,DRL-ALNS,1,1188.6211467317835,1511.8668124308863,20.051775600004476,3000
CSDVRP-M-C-08-n50,M,50,DRL-ALNS,2,1209.6315380373564,1511.8668124308863,20.086167999979807,3000
CSDVRP-M-C-08-n50,M,50,DRL-ALNS,3,1173.8534633713407,1511.8668124308863,20.365088199992897,3000
CSDVRP-M-C-08-n50,M,50,DRL-ALNS,4,1171.8549132108901,1511.8668124308863,20.526424200012116,3000
CSDVRP-M-C-08-n50,M,50,DRL-ALNS,5,1129.9400653277619,1511.8668124308863,21.16167700002552,3000
CSDVRP-M-R-01-n30,M,30,CW,1,1430.7494846848451,1430.7494846848451,0.0012388000031933188,0
CSDVRP-M-R-01-n30,M,30,ClassicalALNS,1,1002.5635204419053,1430.7494846848451,5.777452099981019,3000
CSDVRP-M-R-01-n30,M,30,ClassicalALNS,2,969.4311965417127,1430.7494846848451,5.21014519999153,3000
CSDVRP-M-R-01-n30,M,30,ClassicalALNS,3,995.2170271552114,1430.7494846848451,5.05482839999604,3000
CSDVRP-M-R-01-n30,M,30,ClassicalALNS,4,1025.9647096225258,1430.7494846848451,5.923696600017138,3000
CSDVRP-M-R-01-n30,M,30,ClassicalALNS,5,977.1959648082872,1430.7494846848451,5.1012618000095244,3000
CSDVRP-M-R-01-n30,M,30,DRL-ALNS,1,968.0871987037104,1430.7494846848451,10.506574399973033,3000
CSDVRP-M-R-01-n30,M,30,DRL-ALNS,2,969.3722906728742,1430.7494846848451,10.07382520000101,3000
CSDVRP-M-R-01-n30,M,30,DRL-ALNS,3,969.5689491814915,1430.7494846848451,9.569775300013134,3000
CSDVRP-M-R-01-n30,M,30,DRL-ALNS,4,984.4841223939305,1430.7494846848451,10.107561700016959,3000
CSDVRP-M-R-01-n30,M,30,DRL-ALNS,5,992.3982733072602,1430.7494846848451,10.069018899986986,3000
CSDVRP-M-C-09-n50,M,50,CW,1,1848.009281036272,1848.009281036272,0.002790699974866584,0
CSDVRP-M-C-09-n50,M,50,ClassicalALNS,1,1400.5058707022429,1848.009281036272,14.988728800002718,3000
CSDVRP-M-C-09-n50,M,50,ClassicalALNS,2,1445.0452657188525,1848.009281036272,14.823424999980489,3000
CSDVRP-M-C-09-n50,M,50,ClassicalALNS,3,1454.0039747942412,1848.009281036272,15.635853199986741,3000
CSDVRP-M-C-09-n50,M,50,ClassicalALNS,4,1436.248619725242,1848.009281036272,14.272895300004166,3000
CSDVRP-M-C-09-n50,M,50,ClassicalALNS,5,1426.19178451295,1848.009281036272,14.47005169998738,3000
CSDVRP-M-C-09-n50,M,50,DRL-ALNS,1,1384.442586166149,1848.009281036272,20.145090200006962,3000
CSDVRP-M-C-09-n50,M,50,DRL-ALNS,2,1451.600267826994,1848.009281036272,20.81461470000795,3000
CSDVRP-M-C-09-n50,M,50,DRL-ALNS,3,1448.3194495611133,1848.009281036272,22.21226739999838,3000
CSDVRP-M-C-09-n50,M,50,DRL-ALNS,4,1461.0915604033348,1848.009281036272,20.704139900015434,3000
CSDVRP-M-C-09-n50,M,50,DRL-ALNS,5,1441.9413003283375,1848.009281036272,21.00130370000261,3000
CSDVRP-M-R-02-n30,M,30,CW,1,1508.5859139269169,1508.5859139269169,0.0013730000064242631,0
CSDVRP-M-R-02-n30,M,30,ClassicalALNS,1,1076.0358370356266,1508.5859139269169,6.498444299999392,3000
CSDVRP-M-R-02-n30,M,30,ClassicalALNS,2,1143.2949736508876,1508.5859139269169,6.985337399994023,3000
CSDVRP-M-R-02-n30,M,30,ClassicalALNS,3,1126.988386242363,1508.5859139269169,6.9520799999882,3000
CSDVRP-M-R-02-n30,M,30,ClassicalALNS,4,1040.8891079036257,1508.5859139269169,5.945415700000012,3000
CSDVRP-M-R-02-n30,M,30,ClassicalALNS,5,1217.6449343481786,1508.5859139269169,5.387062399997376,3000
CSDVRP-M-R-02-n30,M,30,DRL-ALNS,1,1181.5643281628397,1508.5859139269169,12.561157200019807,3000
CSDVRP-M-R-02-n30,M,30,DRL-ALNS,2,1132.5638312808353,1508.5859139269169,11.675705300003756,3000
CSDVRP-M-R-02-n30,M,30,DRL-ALNS,3,1140.3625668277364,1508.5859139269169,11.835036700009368,3000
CSDVRP-M-R-02-n30,M,30,DRL-ALNS,4,1161.4637981991382,1508.5859139269169,11.913578900013817,3000
CSDVRP-M-R-02-n30,M,30,DRL-ALNS,5,1159.4488545487745,1508.5859139269169,13.127025399997365,3000
CSDVRP-L-R-09-n100,L,100,CW,1,3441.20756031646,3441.20756031646,0.01332840000395663,0
CSDVRP-L-R-09-n100,L,100,ClassicalALNS,1,2533.1087572934,3441.20756031646,134.10905820000335,5000
CSDVRP-L-R-09-n100,L,100,ClassicalALNS,2,2542.2229248624417,3441.20756031646,117.2297036999953,5000
CSDVRP-L-R-09-n100,L,100,ClassicalALNS,3,2564.387446995894,3441.20756031646,112.04188749997411,5000
CSDVRP-L-R-09-n100,L,100,ClassicalALNS,4,2533.846233657419,3441.20756031646,124.38185919998796,5000
CSDVRP-L-R-09-n100,L,100,ClassicalALNS,5,2540.528756171284,3441.20756031646,111.36005279998062,5000
CSDVRP-L-R-09-n100,L,100,DRL-ALNS,1,2510.01337525926,3441.20756031646,89.64911349999602,5000
CSDVRP-L-R-09-n100,L,100,DRL-ALNS,2,2501.8065924236744,3441.20756031646,145.37106420000782,5000
CSDVRP-L-R-09-n100,L,100,DRL-ALNS,3,2488.0956660182296,3441.20756031646,140.0652049999917,5000
CSDVRP-L-R-09-n100,L,100,DRL-ALNS,4,2556.8186268831355,3441.20756031646,134.17066800000612,5000
CSDVRP-L-R-09-n100,L,100,DRL-ALNS,5,2538.1518896145512,3441.20756031646,144.64137800000026,5000
CSDVRP-M-C-10-n50,M,50,CW,1,2281.157029657774,2281.157029657774,0.002753300010226667,0
CSDVRP-M-C-10-n50,M,50,ClassicalALNS,1,1658.1389511723614,2281.157029657774,13.8178709000058,3000
CSDVRP-M-C-10-n50,M,50,ClassicalALNS,2,1785.343473786659,2281.157029657774,15.395842700003413,3000
CSDVRP-M-C-10-n50,M,50,ClassicalALNS,3,1729.0910768454733,2281.157029657774,15.48975799998152,3000
CSDVRP-M-C-10-n50,M,50,ClassicalALNS,4,1610.9175140084885,2281.157029657774,13.724824099976104,3000
CSDVRP-M-C-10-n50,M,50,ClassicalALNS,5,1671.0680204262592,2281.157029657774,13.783828699990408,3000
CSDVRP-M-C-10-n50,M,50,DRL-ALNS,1,1705.681070797228,2281.157029657774,20.18159450002713,3000
CSDVRP-M-C-10-n50,M,50,DRL-ALNS,2,1654.4875253171772,2281.157029657774,20.112418100005016,3000
CSDVRP-M-C-10-n50,M,50,DRL-ALNS,3,1642.73401592539,2281.157029657774,18.964145600009942,3000
CSDVRP-M-C-10-n50,M,50,DRL-ALNS,4,1626.8317499952052,2281.157029657774,18.72883190002176,3000
CSDVRP-M-C-10-n50,M,50,DRL-ALNS,5,1711.243227410962,2281.157029657774,19.562691400002223,3000
CSDVRP-M-R-03-n30,M,30,CW,1,1451.3737588957204,1451.3737588957204,0.0011593000090215355,0
CSDVRP-M-R-03-n30,M,30,ClassicalALNS,1,836.9364139055548,1451.3737588957204,5.217536799988011,3000
CSDVRP-M-R-03-n30,M,30,ClassicalALNS,2,1046.485612413989,1451.3737588957204,4.784199299989268,3000
CSDVRP-M-R-03-n30,M,30,ClassicalALNS,3,826.3692390427852,1451.3737588957204,5.189287699991837,3000
CSDVRP-M-R-03-n30,M,30,ClassicalALNS,4,818.5932366447649,1451.3737588957204,5.027015100000426,3000
CSDVRP-M-R-03-n30,M,30,ClassicalALNS,5,868.4857998652948,1451.3737588957204,5.595731199980946,3000
CSDVRP-M-R-03-n30,M,30,DRL-ALNS,1,890.3296741741647,1451.3737588957204,10.565878099994734,3000
CSDVRP-M-R-03-n30,M,30,DRL-ALNS,2,869.3492994017219,1451.3737588957204,10.288679899997078,3000
CSDVRP-M-R-03-n30,M,30,DRL-ALNS,3,902.8014913862113,1451.3737588957204,9.55988340001204,3000
CSDVRP-M-R-03-n30,M,30,DRL-ALNS,4,856.254815529128,1451.3737588957204,9.657909700006712,3000
CSDVRP-M-R-03-n30,M,30,DRL-ALNS,5,813.522772274673,1451.3737588957204,9.832911400008015,3000
CSDVRP-M-R-04-n30,M,30,CW,1,1687.678591090477,1687.678591090477,0.001269300002604723,0
CSDVRP-M-R-04-n30,M,30,ClassicalALNS,1,1121.941945975601,1687.678591090477,5.908568600018043,3000
CSDVRP-M-R-04-n30,M,30,ClassicalALNS,2,1046.4575894124673,1687.678591090477,5.898636800004169,3000
CSDVRP-M-R-04-n30,M,30,ClassicalALNS,3,1110.4224927735825,1687.678591090477,5.760245300014503,3000
CSDVRP-M-R-04-n30,M,30,ClassicalALNS,4,1152.8886250222895,1687.678591090477,4.564949199993862,3000
CSDVRP-M-R-04-n30,M,30,ClassicalALNS,5,1159.9829874854415,1687.678591090477,6.2561978999874555,3000
CSDVRP-M-R-04-n30,M,30,DRL-ALNS,1,1122.0482998768277,1687.678591090477,9.511034099996323,3000
CSDVRP-M-R-04-n30,M,30,DRL-ALNS,2,1110.793292536072,1687.678591090477,10.761509100004332,3000
CSDVRP-M-R-04-n30,M,30,DRL-ALNS,3,1112.671776505496,1687.678591090477,10.63919220000389,3000
CSDVRP-M-R-04-n30,M,30,DRL-ALNS,4,1137.9274160718646,1687.678591090477,11.279143099993235,3000
CSDVRP-M-R-04-n30,M,30,DRL-ALNS,5,1153.5373610166578,1687.678591090477,10.322049899987178,3000
CSDVRP-M-R-01-n50,M,50,CW,1,2411.182933145678,2411.182933145678,0.0026249000220559537,0
CSDVRP-M-R-01-n50,M,50,ClassicalALNS,1,1629.5929190837542,2411.182933145678,15.606733300024644,3000
CSDVRP-M-R-01-n50,M,50,ClassicalALNS,2,1567.398540382712,2411.182933145678,13.907268999988446,3000
CSDVRP-M-R-01-n50,M,50,ClassicalALNS,3,1616.7146070933327,2411.182933145678,14.611977099993965,3000
CSDVRP-M-R-01-n50,M,50,ClassicalALNS,4,1571.9808018494475,2411.182933145678,16.297486800001934,3000
CSDVRP-M-R-01-n50,M,50,ClassicalALNS,5,1604.806292399048,2411.182933145678,14.019969599990873,3000
CSDVRP-M-R-01-n50,M,50,DRL-ALNS,1,1584.46452749045,2411.182933145678,22.647094400017522,3000
CSDVRP-M-R-01-n50,M,50,DRL-ALNS,2,1598.3733818324024,2411.182933145678,21.80840690000332,3000
CSDVRP-M-R-01-n50,M,50,DRL-ALNS,3,1562.8280139734097,2411.182933145678,22.107746699999552,3000
CSDVRP-M-R-01-n50,M,50,DRL-ALNS,4,1527.1625508487211,2411.182933145678,23.418445699993754,3000
CSDVRP-M-R-01-n50,M,50,DRL-ALNS,5,1634.5416536042808,2411.182933145678,22.466045299981488,3000
CSDVRP-M-R-05-n30,M,30,CW,1,1323.406802695337,1323.406802695337,0.0013760000001639128,0
CSDVRP-M-R-05-n30,M,30,ClassicalALNS,1,854.3281990155247,1323.406802695337,5.073281100019813,3000
CSDVRP-M-R-05-n30,M,30,ClassicalALNS,2,867.8211075963028,1323.406802695337,5.304626900004223,3000
CSDVRP-M-R-05-n30,M,30,ClassicalALNS,3,874.0910175843104,1323.406802695337,5.53024419999565,3000
CSDVRP-M-R-05-n30,M,30,ClassicalALNS,4,926.4813766489372,1323.406802695337,5.692112799995812,3000
CSDVRP-M-R-05-n30,M,30,ClassicalALNS,5,916.2046580038481,1323.406802695337,5.432502000010572,3000
CSDVRP-M-R-05-n30,M,30,DRL-ALNS,1,946.6589952557193,1323.406802695337,9.521302200009814,3000
CSDVRP-M-R-05-n30,M,30,DRL-ALNS,2,915.8049048222858,1323.406802695337,9.8328852999839,3000
CSDVRP-M-R-05-n30,M,30,DRL-ALNS,3,948.6275214093936,1323.406802695337,9.698530800000299,3000
CSDVRP-M-R-05-n30,M,30,DRL-ALNS,4,947.7577702138597,1323.406802695337,9.54390349998721,3000
CSDVRP-M-R-05-n30,M,30,DRL-ALNS,5,944.5523567479826,1323.406802695337,9.656042899994645,3000
CSDVRP-M-R-02-n50,M,50,CW,1,2231.4109526923216,2231.4109526923216,0.002685799991013482,0
CSDVRP-M-R-02-n50,M,50,ClassicalALNS,1,1515.7918008501015,2231.4109526923216,12.648177900002338,3000
CSDVRP-M-R-02-n50,M,50,ClassicalALNS,2,1515.0582967744335,2231.4109526923216,15.60340150000411,3000
CSDVRP-M-R-02-n50,M,50,ClassicalALNS,3,1529.7040376386979,2231.4109526923216,12.712444600008894,3000
CSDVRP-M-R-02-n50,M,50,ClassicalALNS,4,1589.193225505682,2231.4109526923216,13.076494500011904,3000
CSDVRP-M-R-02-n50,M,50,ClassicalALNS,5,1575.9818945982827,2231.4109526923216,12.598700699978508,3000
CSDVRP-M-R-02-n50,M,50,DRL-ALNS,1,1539.669105868412,2231.4109526923216,17.276673599990318,3000
CSDVRP-M-R-02-n50,M,50,DRL-ALNS,2,1581.3929872592398,2231.4109526923216,19.04921889997786,3000
CSDVRP-M-R-02-n50,M,50,DRL-ALNS,3,1481.7830567892875,2231.4109526923216,21.452557499986142,3000
CSDVRP-M-R-02-n50,M,50,DRL-ALNS,4,1572.008449544861,2231.4109526923216,16.08548979999614,3000
CSDVRP-M-R-02-n50,M,50,DRL-ALNS,5,1510.9414179880484,2231.4109526923216,18.13249519999954,3000
CSDVRP-M-R-06-n30,M,30,CW,1,1391.472732972273,1391.472732972273,0.001218599994899705,0
CSDVRP-M-R-06-n30,M,30,ClassicalALNS,1,1031.5224675228724,1391.472732972273,4.922692399995867,3000
CSDVRP-M-R-06-n30,M,30,ClassicalALNS,2,1073.6461698063588,1391.472732972273,4.530443399999058,3000
CSDVRP-M-R-06-n30,M,30,ClassicalALNS,3,963.1218934678213,1391.472732972273,5.269054900010815,3000
CSDVRP-M-R-06-n30,M,30,ClassicalALNS,4,993.1793938364751,1391.472732972273,4.858190800005104,3000
CSDVRP-M-R-06-n30,M,30,ClassicalALNS,5,1031.7085127620521,1391.472732972273,4.432191200001398,3000
CSDVRP-M-R-06-n30,M,30,DRL-ALNS,1,979.089366846892,1391.472732972273,10.391433299984783,3000
CSDVRP-M-R-06-n30,M,30,DRL-ALNS,2,978.8175821665517,1391.472732972273,11.190898400003789,3000
CSDVRP-M-R-06-n30,M,30,DRL-ALNS,3,1016.9968773296341,1391.472732972273,10.897181400010595,3000
CSDVRP-M-R-06-n30,M,30,DRL-ALNS,4,1082.5320325466867,1391.472732972273,9.979814499994973,3000
CSDVRP-M-R-06-n30,M,30,DRL-ALNS,5,1001.1541267098399,1391.472732972273,10.225754900020547,3000
CSDVRP-M-R-03-n50,M,50,CW,1,2026.6113989626363,2026.6113989626363,0.006133499991847202,0
CSDVRP-M-R-03-n50,M,50,ClassicalALNS,1,1506.8336904086764,2026.6113989626363,11.313557499990566,3000
CSDVRP-M-R-03-n50,M,50,ClassicalALNS,2,1517.9108915042177,2026.6113989626363,12.107243699982064,3000
CSDVRP-M-R-03-n50,M,50,ClassicalALNS,3,1475.4243357069327,2026.6113989626363,14.689906999992672,3000
CSDVRP-M-R-03-n50,M,50,ClassicalALNS,4,1445.7448176854525,2026.6113989626363,14.772134800005006,3000
CSDVRP-M-R-03-n50,M,50,ClassicalALNS,5,1490.4670594663087,2026.6113989626363,16.796338700019987,3000
CSDVRP-M-R-03-n50,M,50,DRL-ALNS,1,1471.349857425762,2026.6113989626363,21.305690800014418,3000
CSDVRP-M-R-03-n50,M,50,DRL-ALNS,2,1478.036830460459,2026.6113989626363,17.148599300009664,3000
CSDVRP-M-R-03-n50,M,50,DRL-ALNS,3,1527.3087120179932,2026.6113989626363,18.19289750000462,3000
CSDVRP-M-R-03-n50,M,50,DRL-ALNS,4,1421.022988205416,2026.6113989626363,22.277269800018985,3000
CSDVRP-M-R-03-n50,M,50,DRL-ALNS,5,1552.7522342402256,2026.6113989626363,17.653932499990333,3000
CSDVRP-M-R-07-n30,M,30,CW,1,1449.07973966115,1449.07973966115,0.0013960000069346279,0
CSDVRP-M-R-07-n30,M,30,ClassicalALNS,1,997.0480362560818,1449.07973966115,4.850068500003545,3000
CSDVRP-M-R-07-n30,M,30,ClassicalALNS,2,996.5389195371516,1449.07973966115,5.089798100001644,3000
CSDVRP-M-R-07-n30,M,30,ClassicalALNS,3,980.181356055472,1449.07973966115,6.626542500016512,3000
CSDVRP-M-R-07-n30,M,30,ClassicalALNS,4,996.8914971649721,1449.07973966115,4.88601159999962,3000
CSDVRP-M-R-07-n30,M,30,ClassicalALNS,5,996.7367515749381,1449.07973966115,4.913554099999601,3000
CSDVRP-M-R-07-n30,M,30,DRL-ALNS,1,997.4095389952527,1449.07973966115,9.32699760000105,3000
CSDVRP-M-R-07-n30,M,30,DRL-ALNS,2,1002.0139232932116,1449.07973966115,8.642385699989973,3000
CSDVRP-M-R-07-n30,M,30,DRL-ALNS,3,1002.2435704482249,1449.07973966115,8.670999499998288,3000
CSDVRP-M-R-07-n30,M,30,DRL-ALNS,4,996.9453444003285,1449.07973966115,8.641591899999185,3000
CSDVRP-M-R-07-n30,M,30,DRL-ALNS,5,975.3917562282813,1449.07973966115,10.202343699987978,3000
CSDVRP-M-R-04-n50,M,50,CW,1,2310.110595779001,2310.110595779001,0.002704100013943389,0
CSDVRP-M-R-04-n50,M,50,ClassicalALNS,1,1399.4616733791179,2310.110595779001,13.701486599980853,3000
CSDVRP-M-R-04-n50,M,50,ClassicalALNS,2,1634.4386510779336,2310.110595779001,11.400698099983856,3000
CSDVRP-M-R-04-n50,M,50,ClassicalALNS,3,1566.990647730795,2310.110595779001,11.810387899982743,3000
CSDVRP-M-R-04-n50,M,50,ClassicalALNS,4,1474.3732694613777,2310.110595779001,14.477290400012862,3000
CSDVRP-M-R-04-n50,M,50,ClassicalALNS,5,1633.4543487844223,2310.110595779001,13.319905399985146,3000
CSDVRP-M-R-04-n50,M,50,DRL-ALNS,1,1472.6052659117167,2310.110595779001,20.759732599981362,3000
CSDVRP-M-R-04-n50,M,50,DRL-ALNS,2,1488.0819149363078,2310.110595779001,23.570008700015023,3000
CSDVRP-M-R-04-n50,M,50,DRL-ALNS,3,1436.5594905657738,2310.110595779001,20.64053919998696,3000
CSDVRP-M-R-04-n50,M,50,DRL-ALNS,4,1443.620481370815,2310.110595779001,18.751369300007354,3000
CSDVRP-M-R-04-n50,M,50,DRL-ALNS,5,1463.7026254932073,2310.110595779001,18.962422799988417,3000
CSDVRP-M-R-05-n50,M,50,CW,1,2095.8203030283485,2095.8203030283485,0.0027359999949112535,0
CSDVRP-M-R-05-n50,M,50,ClassicalALNS,1,1569.7317410112316,2095.8203030283485,15.985933400021167,3000
CSDVRP-M-R-05-n50,M,50,ClassicalALNS,2,1517.989485465908,2095.8203030283485,13.74198720001732,3000
CSDVRP-M-R-05-n50,M,50,ClassicalALNS,3,1474.4370841022537,2095.8203030283485,13.366083300003083,3000
CSDVRP-M-R-05-n50,M,50,ClassicalALNS,4,1509.7459465823038,2095.8203030283485,14.70565719998558,3000
CSDVRP-M-R-05-n50,M,50,ClassicalALNS,5,1505.5702042184942,2095.8203030283485,15.471794900018722,3000
CSDVRP-M-R-05-n50,M,50,DRL-ALNS,1,1558.0921188838952,2095.8203030283485,20.893139499996323,3000
CSDVRP-M-R-05-n50,M,50,DRL-ALNS,2,1495.7220133724397,2095.8203030283485,18.0864710000169,3000
CSDVRP-M-R-05-n50,M,50,DRL-ALNS,3,1501.810058514306,2095.8203030283485,21.64941230000113,3000
CSDVRP-M-R-05-n50,M,50,DRL-ALNS,4,1525.758070504519,2095.8203030283485,23.72899010000401,3000
CSDVRP-M-R-05-n50,M,50,DRL-ALNS,5,1487.8637534637312,2095.8203030283485,21.625964100006968,3000
CSDVRP-M-R-08-n30,M,30,CW,1,1307.9254802854075,1307.9254802854075,0.001363199990009889,0
CSDVRP-M-R-08-n30,M,30,ClassicalALNS,1,846.8080104432044,1307.9254802854075,4.567585800017696,3000
CSDVRP-M-R-08-n30,M,30,ClassicalALNS,2,848.8221436953847,1307.9254802854075,4.827510400005849,3000
CSDVRP-M-R-08-n30,M,30,ClassicalALNS,3,897.5849336890825,1307.9254802854075,5.0751420999877155,3000
CSDVRP-M-R-08-n30,M,30,ClassicalALNS,4,941.7081323335264,1307.9254802854075,4.646812299994053,3000
CSDVRP-M-R-08-n30,M,30,ClassicalALNS,5,845.6180411020458,1307.9254802854075,4.727203799993731,3000
CSDVRP-M-R-08-n30,M,30,DRL-ALNS,1,859.9790011606507,1307.9254802854075,9.557144300022628,3000
CSDVRP-M-R-08-n30,M,30,DRL-ALNS,2,891.3614735321069,1307.9254802854075,9.673617699998431,3000
CSDVRP-M-R-08-n30,M,30,DRL-ALNS,3,833.4528638763575,1307.9254802854075,9.56360350002069,3000
CSDVRP-M-R-08-n30,M,30,DRL-ALNS,4,866.5933466410554,1307.9254802854075,9.868934400001308,3000
CSDVRP-M-R-08-n30,M,30,DRL-ALNS,5,845.8094839174784,1307.9254802854075,9.588954800012289,3000
CSDVRP-M-R-09-n30,M,30,CW,1,1389.4344533122587,1389.4344533122587,0.0012465000036172569,0
CSDVRP-M-R-09-n30,M,30,ClassicalALNS,1,1002.2232117016409,1389.4344533122587,4.856639399979031,3000
CSDVRP-M-R-09-n30,M,30,ClassicalALNS,2,1015.4712181696711,1389.4344533122587,5.136032100010198,3000
CSDVRP-M-R-09-n30,M,30,ClassicalALNS,3,986.489466527135,1389.4344533122587,4.926534800004447,3000
CSDVRP-M-R-09-n30,M,30,ClassicalALNS,4,1001.7037450157935,1389.4344533122587,5.206476399995154,3000
CSDVRP-M-R-09-n30,M,30,ClassicalALNS,5,1000.5161448055674,1389.4344533122587,5.3623787999968044,3000
CSDVRP-M-R-09-n30,M,30,DRL-ALNS,1,1002.7106033849922,1389.4344533122587,9.832077999977628,3000
CSDVRP-M-R-09-n30,M,30,DRL-ALNS,2,1000.4993163796528,1389.4344533122587,10.485064500011504,3000
CSDVRP-M-R-09-n30,M,30,DRL-ALNS,3,1044.9022946364785,1389.4344533122587,11.093250400008401,3000
CSDVRP-M-R-09-n30,M,30,DRL-ALNS,4,1002.0667955004063,1389.4344533122587,10.510867500008317,3000
CSDVRP-M-R-09-n30,M,30,DRL-ALNS,5,1001.4214352913997,1389.4344533122587,10.754065300017828,3000
CSDVRP-M-R-06-n50,M,50,CW,1,2487.812749239383,2487.812749239383,0.0032648000051267445,0
CSDVRP-M-R-06-n50,M,50,ClassicalALNS,1,1826.7864174676843,2487.812749239383,12.095616500009783,3000
CSDVRP-M-R-06-n50,M,50,ClassicalALNS,2,1729.854052475304,2487.812749239383,16.166236999997636,3000
CSDVRP-M-R-06-n50,M,50,ClassicalALNS,3,1692.1067971811524,2487.812749239383,15.81529440000304,3000
CSDVRP-M-R-06-n50,M,50,ClassicalALNS,4,1686.066768415654,2487.812749239383,15.206096399982926,3000
CSDVRP-M-R-06-n50,M,50,ClassicalALNS,5,1723.2825070972858,2487.812749239383,13.821638299996266,3000
CSDVRP-M-R-06-n50,M,50,DRL-ALNS,1,1652.7537350466134,2487.812749239383,19.628675700019812,3000
CSDVRP-M-R-06-n50,M,50,DRL-ALNS,2,1648.5426910146748,2487.812749239383,20.146047900023405,3000
CSDVRP-M-R-06-n50,M,50,DRL-ALNS,3,1625.5343120911443,2487.812749239383,19.572050299990224,3000
CSDVRP-M-R-06-n50,M,50,DRL-ALNS,4,1617.3883159827278,2487.812749239383,20.35407739999937,3000
CSDVRP-M-R-06-n50,M,50,DRL-ALNS,5,1628.1552636860308,2487.812749239383,24.274258299992653,3000
CSDVRP-S-C-01-n10,S,10,CW,1,495.6101449447587,495.6101449447587,0.00033650000113993883,0
CSDVRP-S-C-01-n10,S,10,ClassicalALNS,1,454.11593049166794,495.6101449447587,0.5303327000001445,1500
CSDVRP-S-C-01-n10,S,10,ClassicalALNS,2,454.2489987766725,495.6101449447587,0.5191747999924701,1500
CSDVRP-S-C-01-n10,S,10,ClassicalALNS,3,454.03708684648336,495.6101449447587,0.5600937999843154,1500
CSDVRP-S-C-01-n10,S,10,ClassicalALNS,4,454.03708684648336,495.6101449447587,0.5361747999850195,1500
CSDVRP-S-C-01-n10,S,10,ClassicalALNS,5,454.2489987766725,495.6101449447587,0.5614891999866813,1500
CSDVRP-S-C-01-n10,S,10,DRL-ALNS,1,454.2489987766725,495.6101449447587,2.598437299981015,1500
CSDVRP-S-C-01-n10,S,10,DRL-ALNS,2,460.1222692271746,495.6101449447587,2.5434156999981496,1500
CSDVRP-S-C-01-n10,S,10,DRL-ALNS,3,454.24899877667247,495.6101449447587,2.5133872000151314,1500
CSDVRP-S-C-01-n10,S,10,DRL-ALNS,4,454.3278424218571,495.6101449447587,2.54184040002292,1500
CSDVRP-S-C-01-n10,S,10,DRL-ALNS,5,454.3278424218571,495.6101449447587,2.581046500010416,1500
CSDVRP-S-C-01-n15,S,15,CW,1,864.3675223228171,864.3675223228171,0.0005786999827250838,0
CSDVRP-S-C-01-n15,S,15,ClassicalALNS,1,580.7425535249026,864.3675223228171,1.1155863000021782,1500
CSDVRP-S-C-01-n15,S,15,ClassicalALNS,2,580.5886526186073,864.3675223228171,1.0720790999766905,1500
CSDVRP-S-C-01-n15,S,15,ClassicalALNS,3,636.5622787323675,864.3675223228171,1.035962499998277,1500
CSDVRP-S-C-01-n15,S,15,ClassicalALNS,4,580.5886526186073,864.3675223228171,1.0664881000120658,1500
CSDVRP-S-C-01-n15,S,15,ClassicalALNS,5,580.619775584976,864.3675223228171,1.039145600021584,1500
CSDVRP-S-C-01-n15,S,15,DRL-ALNS,1,634.7197531513766,864.3675223228171,2.887498299998697,1500
CSDVRP-S-C-01-n15,S,15,DRL-ALNS,2,580.5886526186074,864.3675223228171,3.1843400000070687,1500
CSDVRP-S-C-01-n15,S,15,DRL-ALNS,3,565.619775584976,864.3675223228171,3.033791599998949,1500
CSDVRP-S-C-01-n15,S,15,DRL-ALNS,4,675.4944937313669,864.3675223228171,2.886072699999204,1500
CSDVRP-S-C-01-n15,S,15,DRL-ALNS,5,626.8462477858394,864.3675223228171,2.702333200024441,1500
CSDVRP-S-C-01-n20,S,20,CW,1,853.2945186760466,853.2945186760466,0.0007706000178586692,0
CSDVRP-S-C-01-n20,S,20,ClassicalALNS,1,751.8710948532575,853.2945186760466,1.4892333000025246,1500
CSDVRP-S-C-01-n20,S,20,ClassicalALNS,2,747.32218740862,853.2945186760466,1.3922328999906313,1500
CSDVRP-S-C-01-n20,S,20,ClassicalALNS,3,764.1107223730565,853.2945186760466,1.3937785000016447,1500
CSDVRP-S-C-01-n20,S,20,ClassicalALNS,4,764.51880675182,853.2945186760466,1.4290305000031367,1500
CSDVRP-S-C-01-n20,S,20,ClassicalALNS,5,749.1527581617285,853.2945186760466,1.4578775000118185,1500
CSDVRP-S-C-01-n20,S,20,DRL-ALNS,1,771.5142929008919,853.2945186760466,3.5312930999789387,1500
CSDVRP-S-C-01-n20,S,20,DRL-ALNS,2,756.0087736867475,853.2945186760466,4.1124792000046,1500
CSDVRP-S-C-01-n20,S,20,DRL-ALNS,3,768.6537511770268,853.2945186760466,4.366693599993596,1500
CSDVRP-S-C-01-n20,S,20,DRL-ALNS,4,749.4094722250672,853.2945186760466,3.4402463999867905,1500
CSDVRP-S-C-01-n20,S,20,DRL-ALNS,5,735.4409916075793,853.2945186760466,3.299026299995603,1500
CSDVRP-S-C-02-n10,S,10,CW,1,448.800087777915,448.800087777915,0.0003470999945420772,0
CSDVRP-S-C-02-n10,S,10,ClassicalALNS,1,423.40501447786806,448.800087777915,0.6380015999893658,1500
CSDVRP-S-C-02-n10,S,10,ClassicalALNS,2,424.1616866321719,448.800087777915,0.6282005999819376,1500
CSDVRP-S-C-02-n10,S,10,ClassicalALNS,3,416.59380133617253,448.800087777915,0.6232141999935266,1500
CSDVRP-S-C-02-n10,S,10,ClassicalALNS,4,423.40501447786806,448.800087777915,0.6155283999978565,1500
CSDVRP-S-C-02-n10,S,10,ClassicalALNS,5,424.1616866321719,448.800087777915,0.6260496999893803,1500
CSDVRP-S-C-02-n10,S,10,DRL-ALNS,1,424.1616866321719,448.800087777915,2.510998500016285,1500
CSDVRP-S-C-02-n10,S,10,DRL-ALNS,2,424.1616866321719,448.800087777915,2.4972845000156667,1500
CSDVRP-S-C-02-n10,S,10,DRL-ALNS,3,423.40501447786806,448.800087777915,2.4464615000179037,1500
CSDVRP-S-C-02-n10,S,10,DRL-ALNS,4,424.1616866321719,448.800087777915,2.4289135999861173,1500
CSDVRP-S-C-02-n10,S,10,DRL-ALNS,5,423.48364515586246,448.800087777915,2.398297799983993,1500
CSDVRP-M-R-10-n30,M,30,CW,1,1116.7584959246205,1116.7584959246205,0.002643899992108345,0
CSDVRP-M-R-10-n30,M,30,ClassicalALNS,1,790.58735699435,1116.7584959246205,6.168808499991428,3000
CSDVRP-M-R-10-n30,M,30,ClassicalALNS,2,796.3423330896749,1116.7584959246205,5.4450939999951515,3000
CSDVRP-M-R-10-n30,M,30,ClassicalALNS,3,807.4767661578061,1116.7584959246205,5.608722700009821,3000
CSDVRP-M-R-10-n30,M,30,ClassicalALNS,4,787.4056038786499,1116.7584959246205,5.879933699994581,3000
CSDVRP-M-R-10-n30,M,30,ClassicalALNS,5,780.2782831245219,1116.7584959246205,5.880247499997495,3000
CSDVRP-M-R-10-n30,M,30,DRL-ALNS,1,805.1099806777792,1116.7584959246205,10.97879369999282,3000
CSDVRP-M-R-10-n30,M,30,DRL-ALNS,2,790.5232066369153,1116.7584959246205,10.663237200002186,3000
CSDVRP-M-R-10-n30,M,30,DRL-ALNS,3,776.1393809386482,1116.7584959246205,9.79064270001254,3000
CSDVRP-M-R-10-n30,M,30,DRL-ALNS,4,820.2562293539928,1116.7584959246205,10.086469300003955,3000
CSDVRP-M-R-10-n30,M,30,DRL-ALNS,5,806.2382366691947,1116.7584959246205,10.032081999990623,3000
CSDVRP-M-R-07-n50,M,50,CW,1,1990.6547949476071,1990.6547949476071,0.002534600003855303,0
CSDVRP-M-R-07-n50,M,50,ClassicalALNS,1,1658.2639453676943,1990.6547949476071,17.335253199998988,3000
CSDVRP-M-R-07-n50,M,50,ClassicalALNS,2,1629.1152918932924,1990.6547949476071,15.63189649998094,3000
CSDVRP-M-R-07-n50,M,50,ClassicalALNS,3,1599.1865681363897,1990.6547949476071,16.175131500000134,3000
CSDVRP-M-R-07-n50,M,50,ClassicalALNS,4,1608.0297042536918,1990.6547949476071,17.064496500010137,3000
CSDVRP-M-R-07-n50,M,50,ClassicalALNS,5,1721.2863355322554,1990.6547949476071,15.258731000008993,3000
CSDVRP-M-R-07-n50,M,50,DRL-ALNS,1,1659.6896958731152,1990.6547949476071,21.9345914000005,3000
CSDVRP-M-R-07-n50,M,50,DRL-ALNS,2,1674.0680167324376,1990.6547949476071,20.701818600005936,3000
CSDVRP-M-R-07-n50,M,50,DRL-ALNS,3,1605.0934099719348,1990.6547949476071,24.69967070000712,3000
CSDVRP-M-R-07-n50,M,50,DRL-ALNS,4,1598.110673295226,1990.6547949476071,25.475052199995844,3000
CSDVRP-M-R-07-n50,M,50,DRL-ALNS,5,1661.8415898113403,1990.6547949476071,21.50926890000119,3000
CSDVRP-S-C-02-n15,S,15,CW,1,524.863851226263,524.863851226263,0.000593400007346645,0
CSDVRP-S-C-02-n15,S,15,ClassicalALNS,1,438.58281974104995,524.863851226263,1.0060360000061337,1500
CSDVRP-S-C-02-n15,S,15,ClassicalALNS,2,424.0204991230683,524.863851226263,0.9145936999993864,1500
CSDVRP-S-C-02-n15,S,15,ClassicalALNS,3,433.24862834116107,524.863851226263,0.9063940999913029,1500
CSDVRP-S-C-02-n15,S,15,ClassicalALNS,4,433.4338262637561,524.863851226263,0.8706174000108149,1500
CSDVRP-S-C-02-n15,S,15,ClassicalALNS,5,433.3233578831654,524.863851226263,0.9017000000167172,1500
CSDVRP-S-C-02-n15,S,15,DRL-ALNS,1,499.13334362194956,524.863851226263,2.6501073999970686,1500
CSDVRP-S-C-02-n15,S,15,DRL-ALNS,2,487.766680898331,524.863851226263,2.704882899997756,1500
CSDVRP-S-C-02-n15,S,15,DRL-ALNS,3,433.660647049353,524.863851226263,2.7130701999994926,1500
CSDVRP-S-C-02-n15,S,15,DRL-ALNS,4,499.13334362194956,524.863851226263,2.6337143999990076,1500
CSDVRP-S-C-02-n15,S,15,DRL-ALNS,5,433.5085558057604,524.863851226263,2.7326309999916703,1500
CSDVRP-S-C-03-n10,S,10,CW,1,446.30495838309685,446.30495838309685,0.0003825000021606684,0
CSDVRP-S-C-03-n10,S,10,ClassicalALNS,1,388.07945675976606,446.30495838309685,0.54116600000998,1500
CSDVRP-S-C-03-n10,S,10,ClassicalALNS,2,373.78278884533984,446.30495838309685,0.5292926000256557,1500
CSDVRP-S-C-03-n10,S,10,ClassicalALNS,3,373.64568273346174,446.30495838309685,0.5800761000136845,1500
CSDVRP-S-C-03-n10,S,10,ClassicalALNS,4,412.4285863859685,446.30495838309685,0.49616740000783466,1500
CSDVRP-S-C-03-n10,S,10,ClassicalALNS,5,370.9603054383254,446.30495838309685,0.5655878999968991,1500
CSDVRP-S-C-03-n10,S,10,DRL-ALNS,1,373.78278884533984,446.30495838309685,2.2426970999804325,1500
CSDVRP-S-C-03-n10,S,10,DRL-ALNS,2,373.78278884533984,446.30495838309685,2.2660550999862608,1500
CSDVRP-S-C-03-n10,S,10,DRL-ALNS,3,373.78278884533984,446.30495838309685,2.235791299986886,1500
CSDVRP-S-C-03-n10,S,10,DRL-ALNS,4,373.78278884533984,446.30495838309685,2.2395063000149094,1500
CSDVRP-S-C-03-n10,S,10,DRL-ALNS,5,373.78278884533984,446.30495838309685,2.259044600010384,1500
CSDVRP-S-C-02-n20,S,20,CW,1,786.0506189516218,786.0506189516218,0.0007348999788518995,0
CSDVRP-S-C-02-n20,S,20,ClassicalALNS,1,669.0931800901603,786.0506189516218,1.457450100017013,1500
CSDVRP-S-C-02-n20,S,20,ClassicalALNS,2,668.8455778521146,786.0506189516218,1.3235393000068143,1500
CSDVRP-S-C-02-n20,S,20,ClassicalALNS,3,664.8967789553669,786.0506189516218,1.3346846000058576,1500
CSDVRP-S-C-02-n20,S,20,ClassicalALNS,4,668.9165348784986,786.0506189516218,1.319964099995559,1500
CSDVRP-S-C-02-n20,S,20,ClassicalALNS,5,675.1965836616017,786.0506189516218,1.2585163000039756,1500
CSDVRP-S-C-02-n20,S,20,DRL-ALNS,1,669.5382135007965,786.0506189516218,3.4146834000130184,1500
CSDVRP-S-C-02-n20,S,20,DRL-ALNS,2,703.1958537077784,786.0506189516218,3.24749080001493,1500
CSDVRP-S-C-02-n20,S,20,DRL-ALNS,3,669.21337890095,786.0506189516218,3.2939724999887403,1500
CSDVRP-S-C-02-n20,S,20,DRL-ALNS,4,675.0008435296816,786.0506189516218,3.187385600002017,1500
CSDVRP-S-C-02-n20,S,20,DRL-ALNS,5,683.9782434149631,786.0506189516218,3.2294694000156596,1500
CSDVRP-S-C-03-n15,S,15,CW,1,656.2676427226662,656.2676427226662,0.000534399994648993,0
CSDVRP-S-C-03-n15,S,15,ClassicalALNS,1,539.0660425742926,656.2676427226662,0.9441782000067178,1500
CSDVRP-S-C-03-n15,S,15,ClassicalALNS,2,526.2686296701386,656.2676427226662,0.9263745000062045,1500
CSDVRP-S-C-03-n15,S,15,ClassicalALNS,3,518.1042058620411,656.2676427226662,0.9373643999861088,1500
CSDVRP-S-C-03-n15,S,15,ClassicalALNS,4,544.8376299794528,656.2676427226662,0.9069984999950975,1500
CSDVRP-S-C-03-n15,S,15,ClassicalALNS,5,503.7729643898659,656.2676427226662,0.9060426999931224,1500
CSDVRP-S-C-03-n15,S,15,DRL-ALNS,1,544.0962289098098,656.2676427226662,2.7602244000008795,1500
CSDVRP-S-C-03-n15,S,15,DRL-ALNS,2,551.6716563258761,656.2676427226662,2.8202936000016052,1500
CSDVRP-S-C-03-n15,S,15,DRL-ALNS,3,542.2193888589227,656.2676427226662,2.796873199986294,1500
CSDVRP-S-C-03-n15,S,15,DRL-ALNS,4,521.6876686819631,656.2676427226662,2.926313799980562,1500
CSDVRP-S-C-03-n15,S,15,DRL-ALNS,5,556.9616111159039,656.2676427226662,2.811509000021033,1500
CSDVRP-S-C-04-n10,S,10,CW,1,467.69902740956803,467.69902740956803,0.00036020000698044896,0
CSDVRP-S-C-04-n10,S,10,ClassicalALNS,1,368.96798814522083,467.69902740956803,0.5803019999875687,1500
CSDVRP-S-C-04-n10,S,10,ClassicalALNS,2,369.2460261670511,467.69902740956803,0.5936388999980409,1500
CSDVRP-S-C-04-n10,S,10,ClassicalALNS,3,368.96798814522083,467.69902740956803,0.5949197000009008,1500
CSDVRP-S-C-04-n10,S,10,ClassicalALNS,4,368.96798814522083,467.69902740956803,0.5610233999905176,1500
CSDVRP-S-C-04-n10,S,10,ClassicalALNS,5,369.2460261670511,467.69902740956803,0.5778902999882121,1500
CSDVRP-S-C-04-n10,S,10,DRL-ALNS,1,368.96798814522083,467.69902740956803,2.375791099999333,1500
CSDVRP-S-C-04-n10,S,10,DRL-ALNS,2,369.2460261670511,467.69902740956803,2.3525861999951303,1500
CSDVRP-S-C-04-n10,S,10,DRL-ALNS,3,369.2460261670511,467.69902740956803,2.3268121000146493,1500
CSDVRP-S-C-04-n10,S,10,DRL-ALNS,4,369.2460261670511,467.69902740956803,2.401483299996471,1500
CSDVRP-S-C-04-n10,S,10,DRL-ALNS,5,369.2460261670511,467.69902740956803,2.3720935999881476,1500
CSDVRP-S-C-03-n20,S,20,CW,1,750.8866474427401,750.8866474427401,0.0007085000106599182,0
CSDVRP-S-C-03-n20,S,20,ClassicalALNS,1,688.8584389111845,750.8866474427401,1.7861902999866288,1500
CSDVRP-S-C-03-n20,S,20,ClassicalALNS,2,693.1773904809484,750.8866474427401,1.9646424000093248,1500
CSDVRP-S-C-03-n20,S,20,ClassicalALNS,3,688.8584389111845,750.8866474427401,1.7493255000154022,1500
CSDVRP-S-C-03-n20,S,20,ClassicalALNS,4,688.6238193833447,750.8866474427401,1.7522388999932446,1500
CSDVRP-S-C-03-n20,S,20,ClassicalALNS,5,692.251503256589,750.8866474427401,1.8492256000172347,1500
CSDVRP-S-C-03-n20,S,20,DRL-ALNS,1,678.5874187579367,750.8866474427401,3.6795376999943983,1500
CSDVRP-S-C-03-n20,S,20,DRL-ALNS,2,673.5357198720473,750.8866474427401,3.7343793000036385,1500
CSDVRP-S-C-03-n20,S,20,DRL-ALNS,3,678.5874187579367,750.8866474427401,3.6222847999888472,1500
CSDVRP-S-C-03-n20,S,20,DRL-ALNS,4,678.5874187579367,750.8866474427401,3.6674311000097077,1500
CSDVRP-S-C-03-n20,S,20,DRL-ALNS,5,678.5874187579367,750.8866474427401,3.53148069998133,1500
CSDVRP-S-C-04-n15,S,15,CW,1,597.1440434594197,597.1440434594197,0.0005384000251069665,0
CSDVRP-S-C-04-n15,S,15,ClassicalALNS,1,461.8426778319102,597.1440434594197,0.8484796000120696,1500
CSDVRP-S-C-04-n15,S,15,ClassicalALNS,2,461.90200547109583,597.1440434594197,0.8726512999855913,1500
CSDVRP-S-C-04-n15,S,15,ClassicalALNS,3,447.2904475155476,597.1440434594197,0.8381878999934997,1500
CSDVRP-S-C-04-n15,S,15,ClassicalALNS,4,447.1800179840554,597.1440434594197,0.8743048000033014,1500
CSDVRP-S-C-04-n15,S,15,ClassicalALNS,5,458.63634524068465,597.1440434594197,0.8566050999797881,1500
CSDVRP-S-C-04-n15,S,15,DRL-ALNS,1,446.8157827783379,597.1440434594197,2.724702499981504,1500
CSDVRP-S-C-04-n15,S,15,DRL-ALNS,2,446.96848066848065,597.1440434594197,2.655288299982203,1500
CSDVRP-S-C-04-n15,S,15,DRL-ALNS,3,461.90200547109595,597.1440434594197,2.7713693999976385,1500
CSDVRP-S-C-04-n15,S,15,DRL-ALNS,4,447.0947290199746,597.1440434594197,2.615489300020272,1500
CSDVRP-S-C-04-n15,S,15,DRL-ALNS,5,446.90358369706803,597.1440434594197,2.6137751000060234,1500
CSDVRP-M-R-08-n50,M,50,CW,1,1971.923945787721,1971.923945787721,0.002603800006909296,0
CSDVRP-M-R-08-n50,M,50,ClassicalALNS,1,1452.9147895933827,1971.923945787721,11.99021280001034,3000
CSDVRP-M-R-08-n50,M,50,ClassicalALNS,2,1507.514945247698,1971.923945787721,12.655555200006347,3000
CSDVRP-M-R-08-n50,M,50,ClassicalALNS,3,1463.5888214792583,1971.923945787721,12.931706000003032,3000
CSDVRP-M-R-08-n50,M,50,ClassicalALNS,4,1476.4073432518005,1971.923945787721,13.453437499993015,3000
CSDVRP-M-R-08-n50,M,50,ClassicalALNS,5,1516.9749743344203,1971.923945787721,13.658270900021307,3000
CSDVRP-M-R-08-n50,M,50,DRL-ALNS,1,1503.4407719863414,1971.923945787721,24.862751799984835,3000
CSDVRP-M-R-08-n50,M,50,DRL-ALNS,2,1547.8187410306875,1971.923945787721,23.315371999982744,3000
CSDVRP-M-R-08-n50,M,50,DRL-ALNS,3,1512.2108769289177,1971.923945787721,25.486610000021756,3000
CSDVRP-M-R-08-n50,M,50,DRL-ALNS,4,1541.3570803535035,1971.923945787721,23.921918300009565,3000
CSDVRP-M-R-08-n50,M,50,DRL-ALNS,5,1534.235937364466,1971.923945787721,25.313667999987956,3000
CSDVRP-S-C-05-n10,S,10,CW,1,586.6228517853649,586.6228517853649,0.00035149999894201756,0
CSDVRP-S-C-05-n10,S,10,ClassicalALNS,1,432.12525447129406,586.6228517853649,0.6675768999848515,1500
CSDVRP-S-C-05-n10,S,10,ClassicalALNS,2,417.5013121934838,586.6228517853649,0.6654127000074368,1500
CSDVRP-S-C-05-n10,S,10,ClassicalALNS,3,430.49041131483483,586.6228517853649,0.6520885000063572,1500
CSDVRP-S-C-05-n10,S,10,ClassicalALNS,4,429.7942887236533,586.6228517853649,0.6542118000215851,1500
CSDVRP-S-C-05-n10,S,10,ClassicalALNS,5,419.51398463885914,586.6228517853649,0.6548670000047423,1500
CSDVRP-S-C-05-n10,S,10,DRL-ALNS,1,419.34340163857894,586.6228517853649,2.4060709000041243,1500
CSDVRP-S-C-05-n10,S,10,DRL-ALNS,2,417.12525447129406,586.6228517853649,2.4037937999819405,1500
CSDVRP-S-C-05-n10,S,10,DRL-ALNS,3,434.611208882255,586.6228517853649,2.4299372999812476,1500
CSDVRP-S-C-05-n10,S,10,DRL-ALNS,4,415.58288489564194,586.6228517853649,2.4101546999881975,1500
CSDVRP-S-C-05-n10,S,10,DRL-ALNS,5,416.54013807787555,586.6228517853649,2.380415499996161,1500
CSDVRP-S-C-04-n20,S,20,CW,1,749.8111924013352,749.8111924013352,0.0006475999834947288,0
CSDVRP-S-C-04-n20,S,20,ClassicalALNS,1,699.9296911121272,749.8111924013352,1.1783280999807175,1500
CSDVRP-S-C-04-n20,S,20,ClassicalALNS,2,677.7532849690706,749.8111924013352,1.7374699999927543,1500
CSDVRP-S-C-04-n20,S,20,ClassicalALNS,3,670.7889924687805,749.8111924013352,1.6756685000145808,1500
CSDVRP-S-C-04-n20,S,20,ClassicalALNS,4,687.7098987371814,749.8111924013352,1.3104447999794502,1500
CSDVRP-S-C-04-n20,S,20,ClassicalALNS,5,694.6541644700449,749.8111924013352,1.307155899994541,1500
CSDVRP-S-C-04-n20,S,20,DRL-ALNS,1,699.3853550916538,749.8111924013352,3.242134600004647,1500
CSDVRP-S-C-04-n20,S,20,DRL-ALNS,2,694.4816109582198,749.8111924013352,3.7081271999923047,1500
CSDVRP-S-C-04-n20,S,20,DRL-ALNS,3,685.8559545997151,749.8111924013352,3.239254999993136,1500
CSDVRP-S-C-04-n20,S,20,DRL-ALNS,4,688.5621285437486,749.8111924013352,3.117918899981305,1500
CSDVRP-S-C-04-n20,S,20,DRL-ALNS,5,693.8293420842347,749.8111924013352,3.2606881999818143,1500
CSDVRP-S-C-05-n15,S,15,CW,1,493.5326787116858,493.5326787116858,0.0004864000075031072,0
CSDVRP-S-C-05-n15,S,15,ClassicalALNS,1,447.69290717069384,493.5326787116858,0.854461100010667,1500
CSDVRP-S-C-05-n15,S,15,ClassicalALNS,2,442.6130566311513,493.5326787116858,0.8094199000042863,1500
CSDVRP-S-C-05-n15,S,15,ClassicalALNS,3,459.1471528708323,493.5326787116858,0.7995783999795094,1500
CSDVRP-S-C-05-n15,S,15,ClassicalALNS,4,429.54183142104824,493.5326787116858,0.8071611000050325,1500
CSDVRP-S-C-05-n15,S,15,ClassicalALNS,5,453.3606836777168,493.5326787116858,0.8162796000251547,1500
CSDVRP-S-C-05-n15,S,15,DRL-ALNS,1,446.84756367785513,493.5326787116858,2.73604059999343,1500
CSDVRP-S-C-05-n15,S,15,DRL-ALNS,2,459.16821821118083,493.5326787116858,2.625538599997526,1500
CSDVRP-S-C-05-n15,S,15,DRL-ALNS,3,446.84756367785513,493.5326787116858,2.711252000008244,1500
CSDVRP-S-C-05-n15,S,15,DRL-ALNS,4,446.84756367785513,493.5326787116858,2.7311230000050273,1500
CSDVRP-S-C-05-n15,S,15,DRL-ALNS,5,442.58736172460505,493.5326787116858,2.717473400000017,1500
CSDVRP-M-R-09-n50,M,50,CW,1,2374.6653229812205,2374.6653229812205,0.0028264999855309725,0
CSDVRP-M-R-09-n50,M,50,ClassicalALNS,1,1632.3324049386295,2374.6653229812205,11.902222000004258,3000
CSDVRP-M-R-09-n50,M,50,ClassicalALNS,2,1672.1314553520247,2374.6653229812205,14.839057999983197,3000
CSDVRP-M-R-09-n50,M,50,ClassicalALNS,3,1679.8829916251539,2374.6653229812205,12.440552599990042,3000
CSDVRP-M-R-09-n50,M,50,ClassicalALNS,4,1642.027294520274,2374.6653229812205,14.059161700017285,3000
CSDVRP-M-R-09-n50,M,50,ClassicalALNS,5,1791.0837607390154,2374.6653229812205,15.587589500006288,3000
CSDVRP-M-R-09-n50,M,50,DRL-ALNS,1,1685.2668764313619,2374.6653229812205,25.38235309999436,3000
CSDVRP-M-R-09-n50,M,50,DRL-ALNS,2,1646.1037720842637,2374.6653229812205,19.58046659998945,3000
CSDVRP-M-R-09-n50,M,50,DRL-ALNS,3,1622.9519730385987,2374.6653229812205,21.457084000023315,3000
CSDVRP-M-R-09-n50,M,50,DRL-ALNS,4,1650.5333440824224,2374.6653229812205,19.561302699992666,3000
CSDVRP-M-R-09-n50,M,50,DRL-ALNS,5,1654.8196782983778,2374.6653229812205,21.61224570000195,3000
CSDVRP-S-C-05-n20,S,20,CW,1,770.2932143080099,770.2932143080099,0.0006772000051569194,0
CSDVRP-S-C-05-n20,S,20,ClassicalALNS,1,641.7731189187376,770.2932143080099,1.5269419000251219,1500
CSDVRP-S-C-05-n20,S,20,ClassicalALNS,2,636.1843445916114,770.2932143080099,1.4977295999997295,1500
CSDVRP-S-C-05-n20,S,20,ClassicalALNS,3,634.423439257058,770.2932143080099,1.4748788999859244,1500
CSDVRP-S-C-05-n20,S,20,ClassicalALNS,4,659.1654454539232,770.2932143080099,1.1846828000270762,1500
CSDVRP-S-C-05-n20,S,20,ClassicalALNS,5,660.7710802573981,770.2932143080099,1.195870499999728,1500
CSDVRP-S-C-05-n20,S,20,DRL-ALNS,1,637.8698144084408,770.2932143080099,3.4843084999884013,1500
CSDVRP-S-C-05-n20,S,20,DRL-ALNS,2,675.5455506980836,770.2932143080099,3.145332399988547,1500
CSDVRP-S-C-05-n20,S,20,DRL-ALNS,3,660.6862410221819,770.2932143080099,3.312452599988319,1500
CSDVRP-S-C-05-n20,S,20,DRL-ALNS,4,675.5455506980834,770.2932143080099,3.0754084000072908,1500
CSDVRP-S-C-05-n20,S,20,DRL-ALNS,5,699.5127692261115,770.2932143080099,3.1417534000065643,1500
CSDVRP-S-C-06-n10,S,10,CW,1,517.3326573260744,517.3326573260744,0.0003588999970816076,0
CSDVRP-S-C-06-n10,S,10,ClassicalALNS,1,469.0436794418424,517.3326573260744,0.6507819999824278,1500
CSDVRP-S-C-06-n10,S,10,ClassicalALNS,2,426.85407737329376,517.3326573260744,0.5785257000243291,1500
CSDVRP-S-C-06-n10,S,10,ClassicalALNS,3,411.85407737329365,517.3326573260744,0.5413183000055142,1500
CSDVRP-S-C-06-n10,S,10,ClassicalALNS,4,468.00349683101433,517.3326573260744,0.5818482000031509,1500
CSDVRP-S-C-06-n10,S,10,ClassicalALNS,5,479.15792294382345,517.3326573260744,0.600984899996547,1500
CSDVRP-S-C-06-n10,S,10,DRL-ALNS,1,465.9584010337661,517.3326573260744,2.403380100004142,1500
CSDVRP-S-C-06-n10,S,10,DRL-ALNS,2,469.28766188997366,517.3326573260744,2.4765010999981314,1500
CSDVRP-S-C-06-n10,S,10,DRL-ALNS,3,487.15477434578406,517.3326573260744,2.547636799979955,1500
CSDVRP-S-C-06-n10,S,10,DRL-ALNS,4,440.0814162911141,517.3326573260744,2.435470200027339,1500
CSDVRP-S-C-06-n10,S,10,DRL-ALNS,5,487.2367531406043,517.3326573260744,2.4741737000003923,1500
CSDVRP-S-C-07-n10,S,10,CW,1,406.96280987630223,406.96280987630223,0.00031969998963177204,0
CSDVRP-S-C-07-n10,S,10,ClassicalALNS,1,325.8645373987922,406.96280987630223,0.49586210001143627,1500
CSDVRP-S-C-07-n10,S,10,ClassicalALNS,2,325.3760255744176,406.96280987630223,0.5168112000101246,1500
CSDVRP-S-C-07-n10,S,10,ClassicalALNS,3,325.8645373987922,406.96280987630223,0.5325254000199493,1500
CSDVRP-S-C-07-n10,S,10,ClassicalALNS,4,325.0523193991671,406.96280987630223,0.509625100006815,1500
CSDVRP-S-C-07-n10,S,10,ClassicalALNS,5,325.0523193991671,406.96280987630223,0.4882805999950506,1500
CSDVRP-S-C-07-n10,S,10,DRL-ALNS,1,325.0523193991671,406.96280987630223,2.3890241000044625,1500
CSDVRP-S-C-07-n10,S,10,DRL-ALNS,2,325.0523193991671,406.96280987630223,2.236774899996817,1500
CSDVRP-S-C-07-n10,S,10,DRL-ALNS,3,325.0523193991671,406.96280987630223,2.2492475000035483,1500
CSDVRP-S-C-07-n10,S,10,DRL-ALNS,4,325.0523193991671,406.96280987630223,2.2421684000000823,1500
CSDVRP-S-C-07-n10,S,10,DRL-ALNS,5,325.0523193991671,406.96280987630223,2.2399944000062533,1500
CSDVRP-S-C-06-n15,S,15,CW,1,509.2432359409055,509.2432359409055,0.00048279998009093106,0
CSDVRP-S-C-06-n15,S,15,ClassicalALNS,1,441.96879141846017,509.2432359409055,0.9498960000055376,1500
CSDVRP-S-C-06-n15,S,15,ClassicalALNS,2,441.96879141846017,509.2432359409055,0.9728178999794181,1500
CSDVRP-S-C-06-n15,S,15,ClassicalALNS,3,456.9687914184602,509.2432359409055,1.063034599996172,1500
CSDVRP-S-C-06-n15,S,15,ClassicalALNS,4,447.5695294060571,509.2432359409055,1.01065490001929,1500
CSDVRP-S-C-06-n15,S,15,ClassicalALNS,5,441.96879141846017,509.2432359409055,0.9599173000024166,1500
CSDVRP-S-C-06-n15,S,15,DRL-ALNS,1,441.97593264763447,509.2432359409055,2.9449158999777865,1500
CSDVRP-S-C-06-n15,S,15,DRL-ALNS,2,456.8002092663043,509.2432359409055,3.0532977000111714,1500
CSDVRP-S-C-06-n15,S,15,DRL-ALNS,3,456.9687914184602,509.2432359409055,2.907481000002008,1500
CSDVRP-S-C-06-n15,S,15,DRL-ALNS,4,456.9687914184602,509.2432359409055,3.0779514000169,1500
CSDVRP-S-C-06-n15,S,15,DRL-ALNS,5,456.9687914184602,509.2432359409055,2.963619300018763,1500
CSDVRP-S-C-06-n20,S,20,CW,1,716.5060921714735,716.5060921714735,0.0007350000087171793,0
CSDVRP-S-C-06-n20,S,20,ClassicalALNS,1,643.6415241223577,716.5060921714735,1.4001075999985915,1500
CSDVRP-S-C-06-n20,S,20,ClassicalALNS,2,688.6882609798331,716.5060921714735,1.5388881999824662,1500
CSDVRP-S-C-06-n20,S,20,ClassicalALNS,3,677.6839771195093,716.5060921714735,1.5417045999784023,1500
CSDVRP-S-C-06-n20,S,20,ClassicalALNS,4,677.3451496122059,716.5060921714735,1.5416299999924377,1500
CSDVRP-S-C-06-n20,S,20,ClassicalALNS,5,707.7846962340312,716.5060921714735,1.6472928000148386,1500
CSDVRP-S-C-06-n20,S,20,DRL-ALNS,1,706.1022829940136,716.5060921714735,3.7009265999950003,1500
CSDVRP-S-C-06-n20,S,20,DRL-ALNS,2,674.2161905985346,716.5060921714735,3.371879299986176,1500
CSDVRP-S-C-06-n20,S,20,DRL-ALNS,3,696.0642499348485,716.5060921714735,3.592829899978824,1500
CSDVRP-S-C-06-n20,S,20,DRL-ALNS,4,666.9239815937758,716.5060921714735,3.439032900001621,1500
CSDVRP-S-C-06-n20,S,20,DRL-ALNS,5,667.0741748492876,716.5060921714735,3.470352100004675,1500
CSDVRP-S-C-07-n15,S,15,CW,1,698.6587264552202,698.6587264552202,0.0004937999765388668,0
CSDVRP-S-C-07-n15,S,15,ClassicalALNS,1,629.9004554084676,698.6587264552202,1.0189580000005662,1500
CSDVRP-S-C-07-n15,S,15,ClassicalALNS,2,637.4974809923804,698.6587264552202,1.0847096999932546,1500
CSDVRP-S-C-07-n15,S,15,ClassicalALNS,3,629.9004554084677,698.6587264552202,1.0317135000077542,1500
CSDVRP-S-C-07-n15,S,15,ClassicalALNS,4,638.7783871053756,698.6587264552202,1.0456078000133857,1500
CSDVRP-S-C-07-n15,S,15,ClassicalALNS,5,637.693107788972,698.6587264552202,1.0789791000133846,1500
CSDVRP-S-C-07-n15,S,15,DRL-ALNS,1,640.7192705860414,698.6587264552202,2.950014000001829,1500
CSDVRP-S-C-07-n15,S,15,DRL-ALNS,2,641.6074699784349,698.6587264552202,3.0398817000095733,1500
CSDVRP-S-C-07-n15,S,15,DRL-ALNS,3,669.0956424400842,698.6587264552202,3.0863253999850713,1500
CSDVRP-S-C-07-n15,S,15,DRL-ALNS,4,673.333012944892,698.6587264552202,3.2893446999951266,1500
CSDVRP-S-C-07-n15,S,15,DRL-ALNS,5,630.7252670791322,698.6587264552202,2.9742280000064056,1500
CSDVRP-S-C-08-n10,S,10,CW,1,380.188834852832,380.188834852832,0.00032369999098591506,0
CSDVRP-S-C-08-n10,S,10,ClassicalALNS,1,316.2445624020836,380.188834852832,0.6926517000247259,1500
CSDVRP-S-C-08-n10,S,10,ClassicalALNS,2,313.23356751382397,380.188834852832,0.6154154000105336,1500
CSDVRP-S-C-08-n10,S,10,ClassicalALNS,3,314.2248718488611,380.188834852832,0.5921690000104718,1500
CSDVRP-S-C-08-n10,S,10,ClassicalALNS,4,298.853250874893,380.188834852832,0.5755114000057802,1500
CSDVRP-S-C-08-n10,S,10,ClassicalALNS,5,314.2248718488611,380.188834852832,0.6692055999883451,1500
CSDVRP-S-C-08-n10,S,10,DRL-ALNS,1,309.83025667771733,380.188834852832,2.498762299976079,1500
CSDVRP-S-C-08-n10,S,10,DRL-ALNS,2,317.7838475778632,380.188834852832,2.528767300012987,1500
CSDVRP-S-C-08-n10,S,10,DRL-ALNS,3,317.7841148644767,380.188834852832,2.454767399991397,1500
CSDVRP-S-C-08-n10,S,10,DRL-ALNS,4,320.68439743105586,380.188834852832,2.4690239999908954,1500
CSDVRP-S-C-08-n10,S,10,DRL-ALNS,5,321.813185803786,380.188834852832,2.435736800020095,1500
CSDVRP-L-R-10-n100,L,100,CW,1,3969.7801158688176,3969.7801158688176,0.008684500004164875,0
CSDVRP-L-R-10-n100,L,100,ClassicalALNS,1,2808.845746466529,3969.7801158688176,120.30690990001312,5000
CSDVRP-L-R-10-n100,L,100,ClassicalALNS,2,2785.0170513862936,3969.7801158688176,88.52705489998334,5000
CSDVRP-L-R-10-n100,L,100,ClassicalALNS,3,2993.6045860486793,3969.7801158688176,90.35141900001327,5000
CSDVRP-L-R-10-n100,L,100,ClassicalALNS,4,2896.845075030388,3969.7801158688176,139.5668360000127,5000
CSDVRP-L-R-10-n100,L,100,ClassicalALNS,5,2835.3869546218516,3969.7801158688176,127.04960540001048,5000
CSDVRP-L-R-10-n100,L,100,DRL-ALNS,1,2869.637494116099,3969.7801158688176,123.42362079999293,5000
CSDVRP-L-R-10-n100,L,100,DRL-ALNS,2,2883.101668851417,3969.7801158688176,138.63704099997994,5000
CSDVRP-L-R-10-n100,L,100,DRL-ALNS,3,2803.2554017079697,3969.7801158688176,130.0188675999816,5000
CSDVRP-L-R-10-n100,L,100,DRL-ALNS,4,2821.592301441978,3969.7801158688176,127.99953899998218,5000
CSDVRP-L-R-10-n100,L,100,DRL-ALNS,5,2849.94217123351,3969.7801158688176,135.78392720001284,5000
CSDVRP-S-C-08-n15,S,15,CW,1,843.7804407154298,843.7804407154298,0.0005425999988801777,0
CSDVRP-S-C-08-n15,S,15,ClassicalALNS,1,728.0470584607096,843.7804407154298,0.8403322000231128,1500
CSDVRP-S-C-08-n15,S,15,ClassicalALNS,2,710.0922124876188,843.7804407154298,1.0001511000155006,1500
CSDVRP-S-C-08-n15,S,15,ClassicalALNS,3,687.8299104697737,843.7804407154298,1.1318217999942135,1500
CSDVRP-S-C-08-n15,S,15,ClassicalALNS,4,725.0320867633395,843.7804407154298,0.8633965000044554,1500
CSDVRP-S-C-08-n15,S,15,ClassicalALNS,5,692.1363616871868,843.7804407154298,1.0689765000133775,1500
CSDVRP-S-C-08-n15,S,15,DRL-ALNS,1,710.0142828791691,843.7804407154298,2.8516496999945957,1500
CSDVRP-S-C-08-n15,S,15,DRL-ALNS,2,710.6200856407465,843.7804407154298,2.8732829999935348,1500
CSDVRP-S-C-08-n15,S,15,DRL-ALNS,3,710.5701797264562,843.7804407154298,2.7879183999903034,1500
CSDVRP-S-C-08-n15,S,15,DRL-ALNS,4,710.1521822130827,843.7804407154298,2.9291978999972343,1500
CSDVRP-S-C-08-n15,S,15,DRL-ALNS,5,725.1333215176932,843.7804407154298,2.906724399974337,1500
CSDVRP-S-C-07-n20,S,20,CW,1,875.208401114076,875.208401114076,0.0006487999926321208,0
CSDVRP-S-C-07-n20,S,20,ClassicalALNS,1,779.8116022351037,875.208401114076,1.2618646000046283,1500
CSDVRP-S-C-07-n20,S,20,ClassicalALNS,2,739.209338588547,875.208401114076,1.698435199999949,1500
CSDVRP-S-C-07-n20,S,20,ClassicalALNS,3,818.2933425861311,875.208401114076,1.3183266000123695,1500
CSDVRP-S-C-07-n20,S,20,ClassicalALNS,4,730.1419947358173,875.208401114076,1.629697500000475,1500
CSDVRP-S-C-07-n20,S,20,ClassicalALNS,5,814.7691414088185,875.208401114076,1.2682303999899887,1500
CSDVRP-S-C-07-n20,S,20,DRL-ALNS,1,839.8728380193689,875.208401114076,3.3558380999893416,1500
CSDVRP-S-C-07-n20,S,20,DRL-ALNS,2,723.8980124024499,875.208401114076,3.405012599978363,1500
CSDVRP-S-C-07-n20,S,20,DRL-ALNS,3,730.1357732491679,875.208401114076,3.9626295999914873,1500
CSDVRP-S-C-07-n20,S,20,DRL-ALNS,4,716.01591195817,875.208401114076,3.682713900023373,1500
CSDVRP-S-C-07-n20,S,20,DRL-ALNS,5,715.9747022394678,875.208401114076,3.7338681000110228,1500
CSDVRP-S-C-08-n20,S,20,CW,1,769.3460171766627,769.3460171766627,0.0009117000154219568,0
CSDVRP-S-C-08-n20,S,20,ClassicalALNS,1,681.2293675516386,769.3460171766627,1.1415116999996826,1500
CSDVRP-S-C-08-n20,S,20,ClassicalALNS,2,681.2496597180041,769.3460171766627,1.1338757000048645,1500
CSDVRP-S-C-08-n20,S,20,ClassicalALNS,3,681.3580447239466,769.3460171766627,1.1212132000073325,1500
CSDVRP-S-C-08-n20,S,20,ClassicalALNS,4,681.1323072529323,769.3460171766627,1.0924725999939255,1500
CSDVRP-S-C-08-n20,S,20,ClassicalALNS,5,668.4610632241767,769.3460171766627,1.0906935000093654,1500
CSDVRP-S-C-08-n20,S,20,DRL-ALNS,1,681.1033332597779,769.3460171766627,2.9799933999893256,1500
CSDVRP-S-C-08-n20,S,20,DRL-ALNS,2,681.1033332597777,769.3460171766627,3.092642399977194,1500
CSDVRP-S-C-08-n20,S,20,DRL-ALNS,3,681.1473254230308,769.3460171766627,3.0526069999905303,1500
CSDVRP-S-C-08-n20,S,20,DRL-ALNS,4,681.8709532065285,769.3460171766627,2.946370699995896,1500
CSDVRP-S-C-08-n20,S,20,DRL-ALNS,5,683.5802541036933,769.3460171766627,3.100677000009455,1500
CSDVRP-S-C-09-n10,S,10,CW,1,412.4989811359564,412.4989811359564,0.0003635000030044466,0
CSDVRP-S-C-09-n10,S,10,ClassicalALNS,1,401.8724479654341,412.4989811359564,0.6730133999953978,1500
CSDVRP-S-C-09-n10,S,10,ClassicalALNS,2,412.4989811359564,412.4989811359564,0.674645999999484,1500
CSDVRP-S-C-09-n10,S,10,ClassicalALNS,3,412.4989811359564,412.4989811359564,0.6573015000030864,1500
CSDVRP-S-C-09-n10,S,10,ClassicalALNS,4,412.4989811359564,412.4989811359564,0.6948516000120435,1500
CSDVRP-S-C-09-n10,S,10,ClassicalALNS,5,412.4989811359564,412.4989811359564,0.7255335000227205,1500
CSDVRP-S-C-09-n10,S,10,DRL-ALNS,1,412.4989811359564,412.4989811359564,2.5989184999780264,1500
CSDVRP-S-C-09-n10,S,10,DRL-ALNS,2,412.4989811359564,412.4989811359564,2.509154600003967,1500
CSDVRP-S-C-09-n10,S,10,DRL-ALNS,3,412.4989811359564,412.4989811359564,2.487222499999916,1500
CSDVRP-S-C-09-n10,S,10,DRL-ALNS,4,412.4989811359564,412.4989811359564,2.5260284000250977,1500
CSDVRP-S-C-09-n10,S,10,DRL-ALNS,5,412.4989811359564,412.4989811359564,2.5480729000119027,1500
CSDVRP-S-C-09-n15,S,15,CW,1,570.0156804070427,570.0156804070427,0.0004532000166364014,0
CSDVRP-S-C-09-n15,S,15,ClassicalALNS,1,475.39890165390057,570.0156804070427,0.815173999988474,1500
CSDVRP-S-C-09-n15,S,15,ClassicalALNS,2,468.38542525680367,570.0156804070427,0.8033416000253055,1500
CSDVRP-S-C-09-n15,S,15,ClassicalALNS,3,472.291762116822,570.0156804070427,0.869572399999015,1500
CSDVRP-S-C-09-n15,S,15,ClassicalALNS,4,485.07408422833447,570.0156804070427,0.8559198000002652,1500
CSDVRP-S-C-09-n15,S,15,ClassicalALNS,5,475.09018337938403,570.0156804070427,0.8774678999907337,1500
CSDVRP-S-C-09-n15,S,15,DRL-ALNS,1,489.2432604240774,570.0156804070427,2.6587544000067282,1500
CSDVRP-S-C-09-n15,S,15,DRL-ALNS,2,475.3466290246422,570.0156804070427,2.6710750999918673,1500
CSDVRP-S-C-09-n15,S,15,DRL-ALNS,3,475.34662902464225,570.0156804070427,2.653869300003862,1500
CSDVRP-S-C-09-n15,S,15,DRL-ALNS,4,475.5992117599497,570.0156804070427,2.694114300014917,1500
CSDVRP-S-C-09-n15,S,15,DRL-ALNS,5,488.1913268442187,570.0156804070427,2.773370700015221,1500
CSDVRP-S-C-10-n10,S,10,CW,1,352.74651784297583,352.74651784297583,0.00037299998803064227,0
CSDVRP-S-C-10-n10,S,10,ClassicalALNS,1,297.1031176330654,352.74651784297583,0.6710490999976173,1500
CSDVRP-S-C-10-n10,S,10,ClassicalALNS,2,311.2442178034874,352.74651784297583,0.6664136999752373,1500
CSDVRP-S-C-10-n10,S,10,ClassicalALNS,3,351.4291156246928,352.74651784297583,0.6206913999922108,1500
CSDVRP-S-C-10-n10,S,10,ClassicalALNS,4,348.34726675409246,352.74651784297583,0.6396177999849897,1500
CSDVRP-S-C-10-n10,S,10,ClassicalALNS,5,311.24421780348735,352.74651784297583,0.6821577999799047,1500
CSDVRP-S-C-10-n10,S,10,DRL-ALNS,1,311.5155337394048,352.74651784297583,2.4933668000157923,1500
CSDVRP-S-C-10-n10,S,10,DRL-ALNS,2,348.21890869571854,352.74651784297583,2.537340899987612,1500
CSDVRP-S-C-10-n10,S,10,DRL-ALNS,3,311.24421780348735,352.74651784297583,2.5263627000094857,1500
CSDVRP-S-C-10-n10,S,10,DRL-ALNS,4,311.33869082347667,352.74651784297583,2.4742669999832287,1500
CSDVRP-S-C-10-n10,S,10,DRL-ALNS,5,352.6574131375138,352.74651784297583,2.5285416999831796,1500
CSDVRP-M-R-10-n50,M,50,CW,1,1976.532407168099,1976.532407168099,0.0027868999750353396,0
CSDVRP-M-R-10-n50,M,50,ClassicalALNS,1,1453.9409269655591,1976.532407168099,17.55498390001594,3000
CSDVRP-M-R-10-n50,M,50,ClassicalALNS,2,1589.3959378715635,1976.532407168099,13.727760700014187,3000
CSDVRP-M-R-10-n50,M,50,ClassicalALNS,3,1570.0200905885847,1976.532407168099,14.528518000006443,3000
CSDVRP-M-R-10-n50,M,50,ClassicalALNS,4,1545.937501584138,1976.532407168099,15.228970000025583,3000
CSDVRP-M-R-10-n50,M,50,ClassicalALNS,5,1485.753462739737,1976.532407168099,15.516522999998415,3000
CSDVRP-M-R-10-n50,M,50,DRL-ALNS,1,1464.559332987164,1976.532407168099,21.084207199979573,3000
CSDVRP-M-R-10-n50,M,50,DRL-ALNS,2,1614.6487256075948,1976.532407168099,16.95150779999676,3000
CSDVRP-M-R-10-n50,M,50,DRL-ALNS,3,1532.3867554148749,1976.532407168099,21.214111700013746,3000
CSDVRP-M-R-10-n50,M,50,DRL-ALNS,4,1468.8177616108774,1976.532407168099,21.48324890001095,3000
CSDVRP-M-R-10-n50,M,50,DRL-ALNS,5,1528.2170488873464,1976.532407168099,22.422627799998736,3000
CSDVRP-S-C-09-n20,S,20,CW,1,851.0221212783177,851.0221212783177,0.000683899997966364,0
CSDVRP-S-C-09-n20,S,20,ClassicalALNS,1,756.2789273227476,851.0221212783177,1.4919566000171471,1500
CSDVRP-S-C-09-n20,S,20,ClassicalALNS,2,781.6713819181309,851.0221212783177,1.5904376000107732,1500
CSDVRP-S-C-09-n20,S,20,ClassicalALNS,3,771.199357559354,851.0221212783177,1.5561795000103302,1500
CSDVRP-S-C-09-n20,S,20,ClassicalALNS,4,756.3716215731486,851.0221212783177,1.4367055000038818,1500
CSDVRP-S-C-09-n20,S,20,ClassicalALNS,5,762.3430970017718,851.0221212783177,1.5355420999985654,1500
CSDVRP-S-C-09-n20,S,20,DRL-ALNS,1,774.2120137635883,851.0221212783177,3.555563300003996,1500
CSDVRP-S-C-09-n20,S,20,DRL-ALNS,2,758.2141410607057,851.0221212783177,3.620004100026563,1500
CSDVRP-S-C-09-n20,S,20,DRL-ALNS,3,756.8974996811504,851.0221212783177,3.618386299989652,1500
CSDVRP-S-C-09-n20,S,20,DRL-ALNS,4,756.985363290427,851.0221212783177,3.59583379997639,1500
CSDVRP-S-C-09-n20,S,20,DRL-ALNS,5,745.546556022194,851.0221212783177,3.7222044999944046,1500
CSDVRP-S-R-01-n10,S,10,CW,1,719.6865356575329,719.6865356575329,0.0003530000103637576,0
CSDVRP-S-R-01-n10,S,10,ClassicalALNS,1,636.3566801845953,719.6865356575329,0.7460098000010476,1500
CSDVRP-S-R-01-n10,S,10,ClassicalALNS,2,606.3367041253044,719.6865356575329,0.6838455999968573,1500
CSDVRP-S-R-01-n10,S,10,ClassicalALNS,3,675.5460129425609,719.6865356575329,0.7359055999841075,1500
CSDVRP-S-R-01-n10,S,10,ClassicalALNS,4,651.4110833498571,719.6865356575329,0.7220027000003029,1500
CSDVRP-S-R-01-n10,S,10,ClassicalALNS,5,606.3367041253045,719.6865356575329,0.7366463000071235,1500
CSDVRP-S-R-01-n10,S,10,DRL-ALNS,1,638.1086302917516,719.6865356575329,2.756710799993016,1500
CSDVRP-S-R-01-n10,S,10,DRL-ALNS,2,661.1599892138136,719.6865356575329,2.5806641999806743,1500
CSDVRP-S-R-01-n10,S,10,DRL-ALNS,3,666.0265061189389,719.6865356575329,2.676102400000673,1500
CSDVRP-S-R-01-n10,S,10,DRL-ALNS,4,666.3522158261972,719.6865356575329,2.558081700000912,1500
CSDVRP-S-R-01-n10,S,10,DRL-ALNS,5,621.1191999052844,719.6865356575329,2.526447600015672,1500
CSDVRP-S-C-10-n15,S,15,CW,1,520.2568922917244,520.2568922917244,0.0005016000068280846,0
CSDVRP-S-C-10-n15,S,15,ClassicalALNS,1,478.0606501027873,520.2568922917244,0.9939966999809258,1500
CSDVRP-S-C-10-n15,S,15,ClassicalALNS,2,492.94622004389026,520.2568922917244,0.9811392999836244,1500
CSDVRP-S-C-10-n15,S,15,ClassicalALNS,3,492.94622004389026,520.2568922917244,0.9761425000033341,1500
CSDVRP-S-C-10-n15,S,15,ClassicalALNS,4,477.94622004389026,520.2568922917244,1.0019462000054773,1500
CSDVRP-S-C-10-n15,S,15,ClassicalALNS,5,497.6310233400987,520.2568922917244,1.0061879999993835,1500
CSDVRP-S-C-10-n15,S,15,DRL-ALNS,1,492.94622004389026,520.2568922917244,2.944741499988595,1500
CSDVRP-S-C-10-n15,S,15,DRL-ALNS,2,492.94622004389026,520.2568922917244,2.983764100004919,1500
CSDVRP-S-C-10-n15,S,15,DRL-ALNS,3,492.94622004389026,520.2568922917244,2.8734271000139415,1500
CSDVRP-S-C-10-n15,S,15,DRL-ALNS,4,492.94622004389026,520.2568922917244,2.979642699996475,1500
CSDVRP-S-C-10-n15,S,15,DRL-ALNS,5,492.94622004389026,520.2568922917244,2.867859399993904,1500
CSDVRP-S-R-01-n15,S,15,CW,1,595.2369594514141,595.2369594514141,0.0004563000111375004,0
CSDVRP-S-R-01-n15,S,15,ClassicalALNS,1,504.9055927762296,595.2369594514141,0.8994632999820169,1500
CSDVRP-S-R-01-n15,S,15,ClassicalALNS,2,505.612505027429,595.2369594514141,0.9376956000050995,1500
CSDVRP-S-R-01-n15,S,15,ClassicalALNS,3,489.9055927762296,595.2369594514141,0.9173905999923591,1500
CSDVRP-S-R-01-n15,S,15,ClassicalALNS,4,494.52589762940863,595.2369594514141,0.9759722999879159,1500
CSDVRP-S-R-01-n15,S,15,ClassicalALNS,5,494.52589762940863,595.2369594514141,0.9674061999830883,1500
CSDVRP-S-R-01-n15,S,15,DRL-ALNS,1,504.9055927762296,595.2369594514141,2.756842599977972,1500
CSDVRP-S-R-01-n15,S,15,DRL-ALNS,2,499.2801339841614,595.2369594514141,2.8507896999944933,1500
CSDVRP-S-R-01-n15,S,15,DRL-ALNS,3,504.9055927762296,595.2369594514141,2.8296020999841858,1500
CSDVRP-S-R-01-n15,S,15,DRL-ALNS,4,504.9055927762296,595.2369594514141,2.8217646999983117,1500
CSDVRP-S-R-01-n15,S,15,DRL-ALNS,5,499.2801339841614,595.2369594514141,2.8674734000233,1500
CSDVRP-S-C-10-n20,S,20,CW,1,1005.926636224709,1005.926636224709,0.000663200014969334,0
CSDVRP-S-C-10-n20,S,20,ClassicalALNS,1,790.4960446841754,1005.926636224709,1.4928033000032883,1500
CSDVRP-S-C-10-n20,S,20,ClassicalALNS,2,788.523728994751,1005.926636224709,1.3928116000024602,1500
CSDVRP-S-C-10-n20,S,20,ClassicalALNS,3,788.7092203216507,1005.926636224709,1.4317925999930594,1500
CSDVRP-S-C-10-n20,S,20,ClassicalALNS,4,790.3363818452858,1005.926636224709,1.4899378000118304,1500
CSDVRP-S-C-10-n20,S,20,ClassicalALNS,5,790.161849869,1005.926636224709,1.4940804000070784,1500
CSDVRP-S-C-10-n20,S,20,DRL-ALNS,1,788.842955307235,1005.926636224709,3.6065919999964535,1500
CSDVRP-S-C-10-n20,S,20,DRL-ALNS,2,806.2248277938139,1005.926636224709,3.5872229000087827,1500
CSDVRP-S-C-10-n20,S,20,DRL-ALNS,3,803.1494221135287,1005.926636224709,3.7795777000137605,1500
CSDVRP-S-C-10-n20,S,20,DRL-ALNS,4,812.2001365964799,1005.926636224709,3.6934040999913123,1500
CSDVRP-S-C-10-n20,S,20,DRL-ALNS,5,805.0668480291413,1005.926636224709,3.8441421999887098,1500
CSDVRP-S-R-02-n10,S,10,CW,1,570.6765355397357,570.6765355397357,0.0004762000171467662,0
CSDVRP-S-R-02-n10,S,10,ClassicalALNS,1,423.71215703780706,570.6765355397357,0.5372926999989431,1500
CSDVRP-S-R-02-n10,S,10,ClassicalALNS,2,423.71215703780706,570.6765355397357,0.5719787999987602,1500
CSDVRP-S-R-02-n10,S,10,ClassicalALNS,3,423.71215703780706,570.6765355397357,0.5403041999961715,1500
CSDVRP-S-R-02-n10,S,10,ClassicalALNS,4,424.1627888126852,570.6765355397357,0.5550136000092607,1500
CSDVRP-S-R-02-n10,S,10,ClassicalALNS,5,423.71215703780706,570.6765355397357,0.5556770999974106,1500
CSDVRP-S-R-02-n10,S,10,DRL-ALNS,1,424.09164189316186,570.6765355397357,2.3230604999989737,1500
CSDVRP-S-R-02-n10,S,10,DRL-ALNS,2,424.0916418931619,570.6765355397357,2.357726099988213,1500
CSDVRP-S-R-02-n10,S,10,DRL-ALNS,3,424.54225662316,570.6765355397357,2.335316699987743,1500
CSDVRP-S-R-02-n10,S,10,DRL-ALNS,4,424.09164189316186,570.6765355397357,2.3108281000168063,1500
CSDVRP-S-R-02-n10,S,10,DRL-ALNS,5,424.09164189316186,570.6765355397357,2.3502971999987494,1500
CSDVRP-S-R-01-n20,S,20,CW,1,830.531802110401,830.531802110401,0.000669400003971532,0
CSDVRP-S-R-01-n20,S,20,ClassicalALNS,1,731.0762855833422,830.531802110401,1.5569978000130504,1500
CSDVRP-S-R-01-n20,S,20,ClassicalALNS,2,737.2403924623324,830.531802110401,1.5950958000030369,1500
CSDVRP-S-R-01-n20,S,20,ClassicalALNS,3,735.4847461878776,830.531802110401,1.551063899998553,1500
CSDVRP-S-R-01-n20,S,20,ClassicalALNS,4,738.6302353591673,830.531802110401,1.4661665000021458,1500
CSDVRP-S-R-01-n20,S,20,ClassicalALNS,5,750.3468245088324,830.531802110401,1.482418699975824,1500
CSDVRP-S-R-01-n20,S,20,DRL-ALNS,1,764.3745547784114,830.531802110401,3.8887249999970663,1500
CSDVRP-S-R-01-n20,S,20,DRL-ALNS,2,733.5219937308862,830.531802110401,3.6572861000022385,1500
CSDVRP-S-R-01-n20,S,20,DRL-ALNS,3,751.68293494654,830.531802110401,3.551740900002187,1500
CSDVRP-S-R-01-n20,S,20,DRL-ALNS,4,764.6971007730258,830.531802110401,4.1416968000121415,1500
CSDVRP-S-R-01-n20,S,20,DRL-ALNS,5,748.2566116395242,830.531802110401,3.447902100015199,1500
CSDVRP-S-R-03-n10,S,10,CW,1,531.1128890149255,531.1128890149255,0.00036639999598264694,0
CSDVRP-S-R-03-n10,S,10,ClassicalALNS,1,460.85880451666696,531.1128890149255,0.7121473999868613,1500
CSDVRP-S-R-03-n10,S,10,ClassicalALNS,2,475.85880451666696,531.1128890149255,0.7193912999937311,1500
CSDVRP-S-R-03-n10,S,10,ClassicalALNS,3,475.85880451666696,531.1128890149255,0.7242541000014171,1500
CSDVRP-S-R-03-n10,S,10,ClassicalALNS,4,475.85880451666696,531.1128890149255,0.7288163999910466,1500
CSDVRP-S-R-03-n10,S,10,ClassicalALNS,5,475.8588045166669,531.1128890149255,0.6952587999985553,1500
CSDVRP-S-R-03-n10,S,10,DRL-ALNS,1,475.8588045166669,531.1128890149255,2.5092611000000034,1500
CSDVRP-S-R-03-n10,S,10,DRL-ALNS,2,408.7894400928722,531.1128890149255,2.3456557000172324,1500
CSDVRP-S-R-03-n10,S,10,DRL-ALNS,3,408.6726368008903,531.1128890149255,2.310036200011382,1500
CSDVRP-S-R-03-n10,S,10,DRL-ALNS,4,408.5740160529113,531.1128890149255,2.331815000012284,1500
CSDVRP-S-R-03-n10,S,10,DRL-ALNS,5,409.3460852115456,531.1128890149255,2.339928000001237,1500
CSDVRP-S-R-02-n15,S,15,CW,1,952.1363063837338,952.1363063837338,0.0005455999926198274,0
CSDVRP-S-R-02-n15,S,15,ClassicalALNS,1,734.5218395941089,952.1363063837338,0.9956370999861974,1500
CSDVRP-S-R-02-n15,S,15,ClassicalALNS,2,736.6397515371549,952.1363063837338,0.9195013999997173,1500
CSDVRP-S-R-02-n15,S,15,ClassicalALNS,3,766.6466587828348,952.1363063837338,0.960404000012204,1500
CSDVRP-S-R-02-n15,S,15,ClassicalALNS,4,734.6138831040442,952.1363063837338,0.9681617000023834,1500
CSDVRP-S-R-02-n15,S,15,ClassicalALNS,5,844.7112396187575,952.1363063837338,1.0580895000020973,1500
CSDVRP-S-R-02-n15,S,15,DRL-ALNS,1,825.9921883517017,952.1363063837338,2.886905699997442,1500
CSDVRP-S-R-02-n15,S,15,DRL-ALNS,2,825.9921883517015,952.1363063837338,3.0388109000050463,1500
CSDVRP-S-R-02-n15,S,15,DRL-ALNS,3,882.2144178251555,952.1363063837338,3.042862600006629,1500
CSDVRP-S-R-02-n15,S,15,DRL-ALNS,4,880.1400168216971,952.1363063837338,3.0876722000248265,1500
CSDVRP-S-R-02-n15,S,15,DRL-ALNS,5,889.8314669395779,952.1363063837338,3.157133700005943,1500
CSDVRP-S-R-03-n15,S,15,CW,1,860.5752259282527,860.5752259282527,0.0005201000021770597,0
CSDVRP-S-R-03-n15,S,15,ClassicalALNS,1,766.648884419201,860.5752259282527,0.9625353000010364,1500
CSDVRP-S-R-03-n15,S,15,ClassicalALNS,2,683.8259888094217,860.5752259282527,0.9799466000113171,1500
CSDVRP-S-R-03-n15,S,15,ClassicalALNS,3,768.9004743305461,860.5752259282527,1.0337020000151824,1500
CSDVRP-S-R-03-n15,S,15,ClassicalALNS,4,779.3820289175769,860.5752259282527,0.9933135000173934,1500
CSDVRP-S-R-03-n15,S,15,ClassicalALNS,5,686.3978128817458,860.5752259282527,0.8764601000002585,1500
CSDVRP-S-R-03-n15,S,15,DRL-ALNS,1,762.6007181308158,860.5752259282527,2.7152576000080444,1500
CSDVRP-S-R-03-n15,S,15,DRL-ALNS,2,751.0192715860245,860.5752259282527,2.7433276000083424,1500
CSDVRP-S-R-03-n15,S,15,DRL-ALNS,3,749.8273976309468,860.5752259282527,2.84523619999527,1500
CSDVRP-S-R-03-n15,S,15,DRL-ALNS,4,752.8722197605123,860.5752259282527,2.774623300007079,1500
CSDVRP-S-R-03-n15,S,15,DRL-ALNS,5,683.0331994851404,860.5752259282527,2.962781600013841,1500
CSDVRP-S-R-04-n10,S,10,CW,1,418.42643312203063,418.42643312203063,0.00028780000866390765,0
CSDVRP-S-R-04-n10,S,10,ClassicalALNS,1,382.7362213430172,418.42643312203063,0.5425800000084564,1500
CSDVRP-S-R-04-n10,S,10,ClassicalALNS,2,382.7955834528956,418.42643312203063,0.5626356000138912,1500
CSDVRP-S-R-04-n10,S,10,ClassicalALNS,3,382.72836193581185,418.42643312203063,0.5496870999922976,1500
CSDVRP-S-R-04-n10,S,10,ClassicalALNS,4,382.7955834528956,418.42643312203063,0.5554267000115942,1500
CSDVRP-S-R-04-n10,S,10,ClassicalALNS,5,382.7362213430172,418.42643312203063,0.5602972999913618,1500
CSDVRP-S-R-04-n10,S,10,DRL-ALNS,1,382.72836193581185,418.42643312203063,2.2992431000166107,1500
CSDVRP-S-R-04-n10,S,10,DRL-ALNS,2,382.8034428601009,418.42643312203063,2.3568349000124726,1500
CSDVRP-S-R-04-n10,S,10,DRL-ALNS,3,382.8034428601009,418.42643312203063,2.3398760000127368,1500
CSDVRP-S-R-04-n10,S,10,DRL-ALNS,4,382.72836193581185,418.42643312203063,2.2725288000074215,1500
CSDVRP-S-R-04-n10,S,10,DRL-ALNS,5,382.8034428601009,418.42643312203063,2.2435175999999046,1500
CSDVRP-S-R-02-n20,S,20,CW,1,996.5892643969403,996.5892643969403,0.000672199996188283,0
CSDVRP-S-R-02-n20,S,20,ClassicalALNS,1,796.3915130363316,996.5892643969403,1.7154687999864109,1500
CSDVRP-S-R-02-n20,S,20,ClassicalALNS,2,796.1253074037979,996.5892643969403,1.7194880000024568,1500
CSDVRP-S-R-02-n20,S,20,ClassicalALNS,3,781.466753980195,996.5892643969403,1.639784500002861,1500
CSDVRP-S-R-02-n20,S,20,ClassicalALNS,4,781.1085214758585,996.5892643969403,1.575381100003142,1500
CSDVRP-S-R-02-n20,S,20,ClassicalALNS,5,796.2981976753562,996.5892643969403,1.7268395000137389,1500
CSDVRP-S-R-02-n20,S,20,DRL-ALNS,1,777.8088790122953,996.5892643969403,3.5029966000001878,1500
CSDVRP-S-R-02-n20,S,20,DRL-ALNS,2,793.1022752742042,996.5892643969403,3.6397046000056434,1500
CSDVRP-S-R-02-n20,S,20,DRL-ALNS,3,797.7876187424804,996.5892643969403,3.5043669000151567,1500
CSDVRP-S-R-02-n20,S,20,DRL-ALNS,4,803.2466828064063,996.5892643969403,3.5656307000026572,1500
CSDVRP-S-R-02-n20,S,20,DRL-ALNS,5,796.5486025779868,996.5892643969403,3.6074245999916457,1500
CSDVRP-S-R-04-n15,S,15,CW,1,668.6518366744041,668.6518366744041,0.0005964000010862947,0
CSDVRP-S-R-04-n15,S,15,ClassicalALNS,1,624.6082733278163,668.6518366744041,0.9006295000144746,1500
CSDVRP-S-R-04-n15,S,15,ClassicalALNS,2,616.4793815641009,668.6518366744041,0.9163128999934997,1500
CSDVRP-S-R-04-n15,S,15,ClassicalALNS,3,597.645339670273,668.6518366744041,0.9050310000020545,1500
CSDVRP-S-R-04-n15,S,15,ClassicalALNS,4,601.4793815641008,668.6518366744041,0.9137874000007287,1500
CSDVRP-S-R-04-n15,S,15,ClassicalALNS,5,612.645339670273,668.6518366744041,0.9066224000125658,1500
CSDVRP-S-R-04-n15,S,15,DRL-ALNS,1,662.6010679942153,668.6518366744041,2.8204199000028893,1500
CSDVRP-S-R-04-n15,S,15,DRL-ALNS,2,612.507541881003,668.6518366744041,2.8591365000174847,1500
CSDVRP-S-R-04-n15,S,15,DRL-ALNS,3,607.7124410296141,668.6518366744041,2.780125899997074,1500
CSDVRP-S-R-04-n15,S,15,DRL-ALNS,4,612.507541881003,668.6518366744041,2.893447800015565,1500
CSDVRP-S-R-04-n15,S,15,DRL-ALNS,5,612.507541881003,668.6518366744041,2.7474176000105217,1500
CSDVRP-S-R-05-n10,S,10,CW,1,516.1183735217078,516.1183735217078,0.0003698999935295433,0
CSDVRP-S-R-05-n10,S,10,ClassicalALNS,1,446.0078639830273,516.1183735217078,0.533204699982889,1500
CSDVRP-S-R-05-n10,S,10,ClassicalALNS,2,446.9690293798645,516.1183735217078,0.5247131999931298,1500
CSDVRP-S-R-05-n10,S,10,ClassicalALNS,3,446.0078639830273,516.1183735217078,0.540922700020019,1500
CSDVRP-S-R-05-n10,S,10,ClassicalALNS,4,446.22415617346087,516.1183735217078,0.5262306999939028,1500
CSDVRP-S-R-05-n10,S,10,ClassicalALNS,5,446.9374201054749,516.1183735217078,0.530157600005623,1500
CSDVRP-S-R-05-n10,S,10,DRL-ALNS,1,446.9374201054748,516.1183735217078,2.2699224000098184,1500
CSDVRP-S-R-05-n10,S,10,DRL-ALNS,2,446.9690293798645,516.1183735217078,2.292987400025595,1500
CSDVRP-S-R-05-n10,S,10,DRL-ALNS,3,446.9690293798645,516.1183735217078,2.3017871000047307,1500
CSDVRP-S-R-05-n10,S,10,DRL-ALNS,4,446.9690293798645,516.1183735217078,2.2238252999959514,1500
CSDVRP-S-R-05-n10,S,10,DRL-ALNS,5,446.9690293798645,516.1183735217078,2.2636020999925677,1500
CSDVRP-S-R-03-n20,S,20,CW,1,894.8218198414928,894.8218198414928,0.0006782000127714127,0
CSDVRP-S-R-03-n20,S,20,ClassicalALNS,1,820.0592234036837,894.8218198414928,1.7024507999885827,1500
CSDVRP-S-R-03-n20,S,20,ClassicalALNS,2,808.1763656853832,894.8218198414928,1.594391299993731,1500
CSDVRP-S-R-03-n20,S,20,ClassicalALNS,3,819.8812091847487,894.8218198414928,1.7025319999956992,1500
CSDVRP-S-R-03-n20,S,20,ClassicalALNS,4,804.3906865071292,894.8218198414928,1.7144609999959357,1500
CSDVRP-S-R-03-n20,S,20,ClassicalALNS,5,825.8934045125693,894.8218198414928,1.6720716999843717,1500
CSDVRP-S-R-03-n20,S,20,DRL-ALNS,1,805.05771360362,894.8218198414928,3.634926099999575,1500
CSDVRP-S-R-03-n20,S,20,DRL-ALNS,2,809.5426090389058,894.8218198414928,3.6206227999937255,1500
CSDVRP-S-R-03-n20,S,20,DRL-ALNS,3,819.459934997578,894.8218198414928,3.8231284999928903,1500
CSDVRP-S-R-03-n20,S,20,DRL-ALNS,4,809.5426090389058,894.8218198414928,3.7117449000070337,1500
CSDVRP-S-R-03-n20,S,20,DRL-ALNS,5,809.5426090389058,894.8218198414928,3.677166400011629,1500
CSDVRP-S-R-05-n15,S,15,CW,1,775.0795219892228,775.0795219892228,0.000596800004132092,0
CSDVRP-S-R-05-n15,S,15,ClassicalALNS,1,656.3400712293362,775.0795219892228,0.995787099993322,1500
CSDVRP-S-R-05-n15,S,15,ClassicalALNS,2,620.9425362980478,775.0795219892228,0.9207297999819275,1500
CSDVRP-S-R-05-n15,S,15,ClassicalALNS,3,611.9730478987832,775.0795219892228,0.8948462999833282,1500
CSDVRP-S-R-05-n15,S,15,ClassicalALNS,4,714.025182822546,775.0795219892228,0.980750300019281,1500
CSDVRP-S-R-05-n15,S,15,ClassicalALNS,5,588.05428604185,775.0795219892228,0.8690173999930266,1500
CSDVRP-S-R-05-n15,S,15,DRL-ALNS,1,595.1487043680968,775.0795219892228,2.7281146000023,1500
CSDVRP-S-R-05-n15,S,15,DRL-ALNS,2,620.3214729411237,775.0795219892228,2.7319034000101965,1500
CSDVRP-S-R-05-n15,S,15,DRL-ALNS,3,610.1429588301072,775.0795219892228,2.7312804000102915,1500
CSDVRP-S-R-05-n15,S,15,DRL-ALNS,4,606.4014810972564,775.0795219892228,2.6254036000173073,1500
CSDVRP-S-R-05-n15,S,15,DRL-ALNS,5,620.5480420742468,775.0795219892228,2.6608938999997918,1500
CSDVRP-S-R-06-n10,S,10,CW,1,543.0450315037011,543.0450315037011,0.00036700000055134296,0
CSDVRP-S-R-06-n10,S,10,ClassicalALNS,1,460.066841948992,543.0450315037011,0.6136237000173423,1500
CSDVRP-S-R-06-n10,S,10,ClassicalALNS,2,479.54276588618984,543.0450315037011,0.5219287000072654,1500
CSDVRP-S-R-06-n10,S,10,ClassicalALNS,3,460.066841948992,543.0450315037011,0.6130826999724377,1500
CSDVRP-S-R-06-n10,S,10,ClassicalALNS,4,485.7154968359261,543.0450315037011,0.5413556999992579,1500
CSDVRP-S-R-06-n10,S,10,ClassicalALNS,5,477.09026993120995,543.0450315037011,0.5439302999875508,1500
CSDVRP-S-R-06-n10,S,10,DRL-ALNS,1,501.0674017887649,543.0450315037011,2.292162099998677,1500
CSDVRP-S-R-06-n10,S,10,DRL-ALNS,2,479.32725257662247,543.0450315037011,2.3303034999989904,1500
CSDVRP-S-R-06-n10,S,10,DRL-ALNS,3,501.0674017887649,543.0450315037011,2.3269819999986794,1500
CSDVRP-S-R-06-n10,S,10,DRL-ALNS,4,493.4870650138293,543.0450315037011,2.2151159000059124,1500
CSDVRP-S-R-06-n10,S,10,DRL-ALNS,5,500.7753957661281,543.0450315037011,2.2911242000118364,1500
CSDVRP-S-R-04-n20,S,20,CW,1,816.8879676848019,816.8879676848019,0.000763299991376698,0
CSDVRP-S-R-04-n20,S,20,ClassicalALNS,1,725.7328397865756,816.8879676848019,1.4839658999990206,1500
CSDVRP-S-R-04-n20,S,20,ClassicalALNS,2,726.4826858194499,816.8879676848019,1.5237566999858245,1500
CSDVRP-S-R-04-n20,S,20,ClassicalALNS,3,741.0843104694181,816.8879676848019,1.5330188999942038,1500
CSDVRP-S-R-04-n20,S,20,ClassicalALNS,4,740.6970605568031,816.8879676848019,1.425901500013424,1500
CSDVRP-S-R-04-n20,S,20,ClassicalALNS,5,722.6970209321989,816.8879676848019,1.5776744000031613,1500
CSDVRP-S-R-04-n20,S,20,DRL-ALNS,1,736.9051234115328,816.8879676848019,3.5168770999880508,1500
CSDVRP-S-R-04-n20,S,20,DRL-ALNS,2,736.9051234115328,816.8879676848019,3.623184600000968,1500
CSDVRP-S-R-04-n20,S,20,DRL-ALNS,3,736.9051234115328,816.8879676848019,3.5850086999998894,1500
CSDVRP-S-R-04-n20,S,20,DRL-ALNS,4,736.9051234115328,816.8879676848019,3.4557917999918573,1500
CSDVRP-S-R-04-n20,S,20,DRL-ALNS,5,726.4595838995326,816.8879676848019,3.484155800018925,1500
CSDVRP-S-R-06-n15,S,15,CW,1,743.0012951289639,743.0012951289639,0.0005434000049717724,0
CSDVRP-S-R-06-n15,S,15,ClassicalALNS,1,608.2819664639624,743.0012951289639,1.0960788000083994,1500
CSDVRP-S-R-06-n15,S,15,ClassicalALNS,2,608.2819664639622,743.0012951289639,0.9563620000262745,1500
CSDVRP-S-R-06-n15,S,15,ClassicalALNS,3,616.9153620972836,743.0012951289639,1.0155467999866232,1500
CSDVRP-S-R-06-n15,S,15,ClassicalALNS,4,619.760127228691,743.0012951289639,0.9661382999911439,1500
CSDVRP-S-R-06-n15,S,15,ClassicalALNS,5,608.2819664639624,743.0012951289639,0.9850356000242755,1500
CSDVRP-S-R-06-n15,S,15,DRL-ALNS,1,631.9116554807221,743.0012951289639,2.893780300015351,1500
CSDVRP-S-R-06-n15,S,15,DRL-ALNS,2,616.9214650902692,743.0012951289639,2.868041500012623,1500
CSDVRP-S-R-06-n15,S,15,DRL-ALNS,3,608.620466242598,743.0012951289639,2.9723121999995783,1500
CSDVRP-S-R-06-n15,S,15,DRL-ALNS,4,631.9114568183746,743.0012951289639,2.981037599995034,1500
CSDVRP-S-R-06-n15,S,15,DRL-ALNS,5,620.0471929606272,743.0012951289639,2.844656200002646,1500
CSDVRP-S-R-07-n10,S,10,CW,1,576.5873289790935,576.5873289790935,0.000371000001905486,0
CSDVRP-S-R-07-n10,S,10,ClassicalALNS,1,506.76721075402,576.5873289790935,0.7096713999926578,1500
CSDVRP-S-R-07-n10,S,10,ClassicalALNS,2,506.76721075402,576.5873289790935,0.6440637999912724,1500
CSDVRP-S-R-07-n10,S,10,ClassicalALNS,3,491.06968531342034,576.5873289790935,0.6323268999985885,1500
CSDVRP-S-R-07-n10,S,10,ClassicalALNS,4,505.6903392483975,576.5873289790935,0.631422400008887,1500
CSDVRP-S-R-07-n10,S,10,ClassicalALNS,5,506.06968531342034,576.5873289790935,0.5939929000160191,1500
CSDVRP-S-R-07-n10,S,10,DRL-ALNS,1,506.2051753734504,576.5873289790935,2.566642999998294,1500
CSDVRP-S-R-07-n10,S,10,DRL-ALNS,2,499.9105243802257,576.5873289790935,2.2224231000000145,1500
CSDVRP-S-R-07-n10,S,10,DRL-ALNS,3,519.8754097186663,576.5873289790935,2.2733374999952503,1500
CSDVRP-S-R-07-n10,S,10,DRL-ALNS,4,554.7190794484677,576.5873289790935,2.2829034000169486,1500
CSDVRP-S-R-07-n10,S,10,DRL-ALNS,5,506.2051753734504,576.5873289790935,2.484271399996942,1500
CSDVRP-S-R-05-n20,S,20,CW,1,728.9746342850686,728.9746342850686,0.0006109000241849571,0
CSDVRP-S-R-05-n20,S,20,ClassicalALNS,1,691.0133111920455,728.9746342850686,1.6076520000060555,1500
CSDVRP-S-R-05-n20,S,20,ClassicalALNS,2,691.7753034167762,728.9746342850686,1.5962782000133302,1500
CSDVRP-S-R-05-n20,S,20,ClassicalALNS,3,687.2374049943138,728.9746342850686,1.726607899996452,1500
CSDVRP-S-R-05-n20,S,20,ClassicalALNS,4,694.3320097095904,728.9746342850686,1.6688125999935437,1500
CSDVRP-S-R-05-n20,S,20,ClassicalALNS,5,666.8067815897864,728.9746342850686,1.6042465000064112,1500
CSDVRP-S-R-05-n20,S,20,DRL-ALNS,1,694.9174175843627,728.9746342850686,3.599047099996824,1500
CSDVRP-S-R-05-n20,S,20,DRL-ALNS,2,683.3045245925616,728.9746342850686,3.552043399977265,1500
CSDVRP-S-R-05-n20,S,20,DRL-ALNS,3,682.0906106398716,728.9746342850686,3.4933722999994643,1500
CSDVRP-S-R-05-n20,S,20,DRL-ALNS,4,697.1016991994494,728.9746342850686,3.510285500000464,1500
CSDVRP-S-R-05-n20,S,20,DRL-ALNS,5,694.9174175843627,728.9746342850686,3.599252299987711,1500
CSDVRP-S-R-08-n10,S,10,CW,1,464.1825123033196,464.1825123033196,0.00033989999792538583,0
CSDVRP-S-R-08-n10,S,10,ClassicalALNS,1,396.08816397183136,464.1825123033196,0.5581341999932192,1500
CSDVRP-S-R-08-n10,S,10,ClassicalALNS,2,396.24759382868615,464.1825123033196,0.5533488999935798,1500
CSDVRP-S-R-08-n10,S,10,ClassicalALNS,3,396.24759382868615,464.1825123033196,0.5375323000189383,1500
CSDVRP-S-R-08-n10,S,10,ClassicalALNS,4,396.24759382868615,464.1825123033196,0.5325912999978755,1500
CSDVRP-S-R-08-n10,S,10,ClassicalALNS,5,396.08816397183136,464.1825123033196,0.5454874999995809,1500
CSDVRP-S-R-08-n10,S,10,DRL-ALNS,1,396.24759382868615,464.1825123033196,2.3062637000111863,1500
CSDVRP-S-R-08-n10,S,10,DRL-ALNS,2,396.24759382868615,464.1825123033196,2.2855987999937497,1500
CSDVRP-S-R-08-n10,S,10,DRL-ALNS,3,396.24759382868615,464.1825123033196,2.31302100000903,1500
CSDVRP-S-R-08-n10,S,10,DRL-ALNS,4,396.24759382868615,464.1825123033196,2.26565980000305,1500
CSDVRP-S-R-08-n10,S,10,DRL-ALNS,5,396.24759382868615,464.1825123033196,2.402368999988539,1500
CSDVRP-S-R-07-n15,S,15,CW,1,1003.1869000932579,1003.1869000932579,0.0005496999947354198,0
CSDVRP-S-R-07-n15,S,15,ClassicalALNS,1,881.9511579126643,1003.1869000932579,1.07305420000921,1500
CSDVRP-S-R-07-n15,S,15,ClassicalALNS,2,933.472572559768,1003.1869000932579,1.1835253000026569,1500
CSDVRP-S-R-07-n15,S,15,ClassicalALNS,3,913.6578822020809,1003.1869000932579,1.2704548999899998,1500
CSDVRP-S-R-07-n15,S,15,ClassicalALNS,4,869.9475115444393,1003.1869000932579,1.217695300001651,1500
CSDVRP-S-R-07-n15,S,15,ClassicalALNS,5,872.592639943232,1003.1869000932579,1.1461654000158887,1500
CSDVRP-S-R-07-n15,S,15,DRL-ALNS,1,893.0939800327069,1003.1869000932579,2.9908543000055943,1500
CSDVRP-S-R-07-n15,S,15,DRL-ALNS,2,881.5149648719644,1003.1869000932579,2.906809800013434,1500
CSDVRP-S-R-07-n15,S,15,DRL-ALNS,3,945.332948158684,1003.1869000932579,3.171365899994271,1500
CSDVRP-S-R-07-n15,S,15,DRL-ALNS,4,908.0939800327069,1003.1869000932579,2.90811959997518,1500
CSDVRP-S-R-07-n15,S,15,DRL-ALNS,5,902.2813539403205,1003.1869000932579,3.164258400007384,1500
CSDVRP-S-R-06-n20,S,20,CW,1,906.4348736674764,906.4348736674764,0.000682699988828972,0
CSDVRP-S-R-06-n20,S,20,ClassicalALNS,1,784.1936854297347,906.4348736674764,1.50125040000421,1500
CSDVRP-S-R-06-n20,S,20,ClassicalALNS,2,765.3948819616775,906.4348736674764,1.446201500017196,1500
CSDVRP-S-R-06-n20,S,20,ClassicalALNS,3,751.1142230525811,906.4348736674764,1.3878285000100732,1500
CSDVRP-S-R-06-n20,S,20,ClassicalALNS,4,766.9323652427488,906.4348736674764,1.426471800019499,1500
CSDVRP-S-R-06-n20,S,20,ClassicalALNS,5,751.0100432260176,906.4348736674764,1.4070276000129525,1500
CSDVRP-S-R-06-n20,S,20,DRL-ALNS,1,767.4308238036166,906.4348736674764,3.5765042999992147,1500
CSDVRP-S-R-06-n20,S,20,DRL-ALNS,2,766.4469947073542,906.4348736674764,3.3694959999993443,1500
CSDVRP-S-R-06-n20,S,20,DRL-ALNS,3,769.9662639607185,906.4348736674764,3.486214399978053,1500
CSDVRP-S-R-06-n20,S,20,DRL-ALNS,4,785.0158329936464,906.4348736674764,3.5818429999926593,1500
CSDVRP-S-R-06-n20,S,20,DRL-ALNS,5,767.4308238036168,906.4348736674764,3.333984099997906,1500
CSDVRP-S-R-08-n15,S,15,CW,1,787.6442375169962,787.6442375169962,0.0005410999874584377,0
CSDVRP-S-R-08-n15,S,15,ClassicalALNS,1,646.3727130137459,787.6442375169962,0.8131604999944102,1500
CSDVRP-S-R-08-n15,S,15,ClassicalALNS,2,646.9684361080592,787.6442375169962,0.8298414000018965,1500
CSDVRP-S-R-08-n15,S,15,ClassicalALNS,3,646.968436108059,787.6442375169962,0.8626789000118151,1500
CSDVRP-S-R-08-n15,S,15,ClassicalALNS,4,636.2473265587594,787.6442375169962,0.90931869999622,1500
CSDVRP-S-R-08-n15,S,15,ClassicalALNS,5,646.4286251157594,787.6442375169962,0.8110232999897562,1500
CSDVRP-S-R-08-n15,S,15,DRL-ALNS,1,646.3727130137457,787.6442375169962,2.6116110000002664,1500
CSDVRP-S-R-08-n15,S,15,DRL-ALNS,2,648.696277796703,787.6442375169962,2.8311641000036616,1500
CSDVRP-S-R-08-n15,S,15,DRL-ALNS,3,646.1919496785957,787.6442375169962,2.842618599999696,1500
CSDVRP-S-R-08-n15,S,15,DRL-ALNS,4,646.3884307229879,787.6442375169962,2.7513802999746986,1500
CSDVRP-S-R-08-n15,S,15,DRL-ALNS,5,646.4286251157594,787.6442375169962,2.5793811999901664,1500
CSDVRP-S-R-07-n20,S,20,CW,1,854.812503159845,854.812503159845,0.0007428000099025667,0
CSDVRP-S-R-07-n20,S,20,ClassicalALNS,1,791.4310226438424,854.812503159845,1.29912169999443,1500
CSDVRP-S-R-07-n20,S,20,ClassicalALNS,2,791.8300082879438,854.812503159845,1.2325255000032485,1500
CSDVRP-S-R-07-n20,S,20,ClassicalALNS,3,791.571783080922,854.812503159845,1.2079097999958321,1500
CSDVRP-S-R-07-n20,S,20,ClassicalALNS,4,817.3259098104019,854.812503159845,1.3175094000180252,1500
CSDVRP-S-R-07-n20,S,20,ClassicalALNS,5,791.4322881523051,854.812503159845,1.2423619000182953,1500
CSDVRP-S-R-07-n20,S,20,DRL-ALNS,1,791.6115352653593,854.812503159845,3.213292900007218,1500
CSDVRP-S-R-07-n20,S,20,DRL-ALNS,2,792.0092287752259,854.812503159845,3.2446576000074856,1500
CSDVRP-S-R-07-n20,S,20,DRL-ALNS,3,808.389869244413,854.812503159845,3.258623300003819,1500
CSDVRP-S-R-07-n20,S,20,DRL-ALNS,4,791.4947208531781,854.812503159845,3.1239615000085905,1500
CSDVRP-S-R-07-n20,S,20,DRL-ALNS,5,791.4947208531783,854.812503159845,3.102326099993661,1500
CSDVRP-S-R-09-n10,S,10,CW,1,485.696422828172,485.696422828172,0.0002977000258397311,0
CSDVRP-S-R-09-n10,S,10,ClassicalALNS,1,413.3174230440198,485.696422828172,0.5194401999760885,1500
CSDVRP-S-R-09-n10,S,10,ClassicalALNS,2,413.3025957169546,485.696422828172,0.5202656000037678,1500
CSDVRP-S-R-09-n10,S,10,ClassicalALNS,3,413.22936373722104,485.696422828172,0.5193985000078101,1500
CSDVRP-S-R-09-n10,S,10,ClassicalALNS,4,413.3174230440198,485.696422828172,0.5051887000154238,1500
CSDVRP-S-R-09-n10,S,10,ClassicalALNS,5,413.22936373722104,485.696422828172,0.503490300005069,1500
CSDVRP-S-R-09-n10,S,10,DRL-ALNS,1,449.4108257900906,485.696422828172,2.453170199994929,1500
CSDVRP-S-R-09-n10,S,10,DRL-ALNS,2,449.4108257900906,485.696422828172,2.345750800013775,1500
CSDVRP-S-R-09-n10,S,10,DRL-ALNS,3,413.229363737221,485.696422828172,2.391751100018155,1500
CSDVRP-S-R-09-n10,S,10,DRL-ALNS,4,413.31742304401973,485.696422828172,2.340167599992128,1500
CSDVRP-S-R-09-n10,S,10,DRL-ALNS,5,411.14145391198997,485.696422828172,2.361538999975892,1500
CSDVRP-S-R-09-n15,S,15,CW,1,896.349331873421,896.349331873421,0.0005301999917719513,0
CSDVRP-S-R-09-n15,S,15,ClassicalALNS,1,733.1219945987731,896.349331873421,1.0853245000180323,1500
CSDVRP-S-R-09-n15,S,15,ClassicalALNS,2,734.6902398497698,896.349331873421,1.0100204000191297,1500
CSDVRP-S-R-09-n15,S,15,ClassicalALNS,3,771.0108872569762,896.349331873421,1.2294586999923922,1500
CSDVRP-S-R-09-n15,S,15,ClassicalALNS,4,761.8400968579407,896.349331873421,1.259714299987536,1500
CSDVRP-S-R-09-n15,S,15,ClassicalALNS,5,716.3221893969848,896.349331873421,1.0554252000001725,1500
CSDVRP-S-R-09-n15,S,15,DRL-ALNS,1,753.0870585469736,896.349331873421,3.0094754000019748,1500
CSDVRP-S-R-09-n15,S,15,DRL-ALNS,2,771.0174103956607,896.349331873421,2.820874700002605,1500
CSDVRP-S-R-09-n15,S,15,DRL-ALNS,3,756.5163932933842,896.349331873421,2.936922799999593,1500
CSDVRP-S-R-09-n15,S,15,DRL-ALNS,4,763.676646081792,896.349331873421,2.9197966000065207,1500
CSDVRP-S-R-09-n15,S,15,DRL-ALNS,5,743.0050871811449,896.349331873421,2.79817229998298,1500
CSDVRP-S-R-10-n10,S,10,CW,1,564.494889392258,564.494889392258,0.00035379998735152185,0
CSDVRP-S-R-10-n10,S,10,ClassicalALNS,1,414.68556436914747,564.494889392258,0.6294667000183836,1500
CSDVRP-S-R-10-n10,S,10,ClassicalALNS,2,422.1193179766906,564.494889392258,0.6094593000016175,1500
CSDVRP-S-R-10-n10,S,10,ClassicalALNS,3,429.42786454978886,564.494889392258,0.6481034999887925,1500
CSDVRP-S-R-10-n10,S,10,ClassicalALNS,4,429.42786454978886,564.494889392258,0.6357339999813121,1500
CSDVRP-S-R-10-n10,S,10,ClassicalALNS,5,414.5278570379818,564.494889392258,0.5951375000004191,1500
CSDVRP-S-R-10-n10,S,10,DRL-ALNS,1,414.52785703798185,564.494889392258,2.5006522000185214,1500
CSDVRP-S-R-10-n10,S,10,DRL-ALNS,2,414.42786454978886,564.494889392258,2.493693299998995,1500
CSDVRP-S-R-10-n10,S,10,DRL-ALNS,3,414.68556436914747,564.494889392258,2.465142000000924,1500
CSDVRP-S-R-10-n10,S,10,DRL-ALNS,4,429.5154942193687,564.494889392258,2.426263300003484,1500
CSDVRP-S-R-10-n10,S,10,DRL-ALNS,5,414.68556436914747,564.494889392258,2.430995400005486,1500
CSDVRP-S-R-08-n20,S,20,CW,1,801.210080717529,801.210080717529,0.0006460000004153699,0
CSDVRP-S-R-08-n20,S,20,ClassicalALNS,1,609.9648106709353,801.210080717529,1.4196929000027012,1500
CSDVRP-S-R-08-n20,S,20,ClassicalALNS,2,624.959644398565,801.210080717529,1.4272988000011537,1500
CSDVRP-S-R-08-n20,S,20,ClassicalALNS,3,624.9596443985652,801.210080717529,1.4029753000068013,1500
CSDVRP-S-R-08-n20,S,20,ClassicalALNS,4,694.5372522868222,801.210080717529,1.8708244000154082,1500
CSDVRP-S-R-08-n20,S,20,ClassicalALNS,5,624.9596443985652,801.210080717529,1.4033128000155557,1500
CSDVRP-S-R-08-n20,S,20,DRL-ALNS,1,624.959644398565,801.210080717529,3.358542000001762,1500
CSDVRP-S-R-08-n20,S,20,DRL-ALNS,2,624.9648106709353,801.210080717529,3.3320185000193305,1500
CSDVRP-S-R-08-n20,S,20,DRL-ALNS,3,624.959644398565,801.210080717529,3.313240399991628,1500
CSDVRP-S-R-08-n20,S,20,DRL-ALNS,4,610.0881004222182,801.210080717529,3.248271399992518,1500
CSDVRP-S-R-08-n20,S,20,DRL-ALNS,5,624.9596443985652,801.210080717529,3.2856026999943424,1500
CSDVRP-S-R-10-n15,S,15,CW,1,749.6450110491651,749.6450110491651,0.000525100011145696,0
CSDVRP-S-R-10-n15,S,15,ClassicalALNS,1,583.4773761066093,749.6450110491651,0.963417599996319,1500
CSDVRP-S-R-10-n15,S,15,ClassicalALNS,2,568.4773761066093,749.6450110491651,0.9068349000008311,1500
CSDVRP-S-R-10-n15,S,15,ClassicalALNS,3,577.0386231385186,749.6450110491651,0.9948094999999739,1500
CSDVRP-S-R-10-n15,S,15,ClassicalALNS,4,583.4773761066093,749.6450110491651,0.9792742999852635,1500
CSDVRP-S-R-10-n15,S,15,ClassicalALNS,5,583.4773761066093,749.6450110491651,1.0164692999969702,1500
CSDVRP-S-R-10-n15,S,15,DRL-ALNS,1,583.5505717233949,749.6450110491651,2.842019600007916,1500
CSDVRP-S-R-10-n15,S,15,DRL-ALNS,2,583.4773761066093,749.6450110491651,2.885519600007683,1500
CSDVRP-S-R-10-n15,S,15,DRL-ALNS,3,583.4773761066093,749.6450110491651,2.7942631999903824,1500
CSDVRP-S-R-10-n15,S,15,DRL-ALNS,4,583.4773761066093,749.6450110491651,2.812861000013072,1500
CSDVRP-S-R-10-n15,S,15,DRL-ALNS,5,583.4773761066093,749.6450110491651,2.7946853000030387,1500
CSDVRP-S-R-09-n20,S,20,CW,1,894.4195604113078,894.4195604113078,0.0006241999799385667,0
CSDVRP-S-R-09-n20,S,20,ClassicalALNS,1,809.6432796630558,894.4195604113078,1.401056399976369,1500
CSDVRP-S-R-09-n20,S,20,ClassicalALNS,2,807.577245460264,894.4195604113078,1.4536884000117425,1500
CSDVRP-S-R-09-n20,S,20,ClassicalALNS,3,818.1743619269387,894.4195604113078,1.4260994000069331,1500
CSDVRP-S-R-09-n20,S,20,ClassicalALNS,4,796.7793217040097,894.4195604113078,1.3618298000073992,1500
CSDVRP-S-R-09-n20,S,20,ClassicalALNS,5,809.6432796630558,894.4195604113078,1.3662089999997988,1500
CSDVRP-S-R-09-n20,S,20,DRL-ALNS,1,797.7521635636192,894.4195604113078,3.2924282000167295,1500
CSDVRP-S-R-09-n20,S,20,DRL-ALNS,2,809.6432796630558,894.4195604113078,3.579918900009943,1500
CSDVRP-S-R-09-n20,S,20,DRL-ALNS,3,809.6432796630558,894.4195604113078,3.3596014000067953,1500
CSDVRP-S-R-09-n20,S,20,DRL-ALNS,4,809.6432796630558,894.4195604113078,3.3680762000149116,1500
CSDVRP-S-R-09-n20,S,20,DRL-ALNS,5,805.5017750649947,894.4195604113078,3.376837100018747,1500
CSDVRP-S-R-10-n20,S,20,CW,1,810.6590461490186,810.6590461490186,0.000534699996933341,0
CSDVRP-S-R-10-n20,S,20,ClassicalALNS,1,716.212355720436,810.6590461490186,1.5509932000131812,1500
CSDVRP-S-R-10-n20,S,20,ClassicalALNS,2,756.8408207395538,810.6590461490186,1.13713160000043,1500
CSDVRP-S-R-10-n20,S,20,ClassicalALNS,3,719.8728128087515,810.6590461490186,1.1474243999982718,1500
CSDVRP-S-R-10-n20,S,20,ClassicalALNS,4,729.3855486630006,810.6590461490186,1.0534565999987535,1500
CSDVRP-S-R-10-n20,S,20,ClassicalALNS,5,744.809509449883,810.6590461490186,1.1312197000079323,1500
CSDVRP-S-R-10-n20,S,20,DRL-ALNS,1,750.9494004271638,810.6590461490186,2.9501561999786645,1500
CSDVRP-S-R-10-n20,S,20,DRL-ALNS,2,740.5628102049376,810.6590461490186,2.9880401999980677,1500
CSDVRP-S-R-10-n20,S,20,DRL-ALNS,3,745.2276818464787,810.6590461490186,2.912289299973054,1500
CSDVRP-S-R-10-n20,S,20,DRL-ALNS,4,740.3517771736166,810.6590461490186,2.9703931999974884,1500
CSDVRP-S-R-10-n20,S,20,DRL-ALNS,5,765.0737306163942,810.6590461490186,3.011847499990836,1500
CSDVRP-XL-C-02-n150,XL,150,CW,1,3243.2546896147346,3243.2546896147346,0.02035859998431988,0
CSDVRP-XL-C-02-n150,XL,150,ClassicalALNS,1,1798.8493392021694,3243.2546896147346,193.1245796000003,5000
CSDVRP-XL-C-02-n150,XL,150,ClassicalALNS,2,1767.3469642725504,3243.2546896147346,181.00265180002316,5000
CSDVRP-XL-C-02-n150,XL,150,ClassicalALNS,3,1818.378743397069,3243.2546896147346,171.08558169999742,5000
CSDVRP-XL-C-02-n150,XL,150,ClassicalALNS,4,1872.0981474372622,3243.2546896147346,172.95757730002515,5000
CSDVRP-XL-C-02-n150,XL,150,ClassicalALNS,5,1806.4566380673964,3243.2546896147346,188.1925087000127,5000
CSDVRP-XL-C-02-n150,XL,150,DRL-ALNS,1,1877.2569549317407,3243.2546896147346,195.1449023000023,5000
CSDVRP-XL-C-02-n150,XL,150,DRL-ALNS,2,1873.3504711891521,3243.2546896147346,180.32469259999925,5000
CSDVRP-XL-C-02-n150,XL,150,DRL-ALNS,3,1772.480137636112,3243.2546896147346,181.31994750001468,5000
CSDVRP-XL-C-02-n150,XL,150,DRL-ALNS,4,1779.6242851911638,3243.2546896147346,186.74786619999213,5000
CSDVRP-XL-C-02-n150,XL,150,DRL-ALNS,5,1778.7695100770839,3243.2546896147346,167.54769350000424,5000
CSDVRP-XL-C-03-n150,XL,150,CW,1,4052.9981332830957,4052.9981332830957,0.019920899998396635,0
CSDVRP-XL-C-03-n150,XL,150,ClassicalALNS,1,2576.6120031965893,4052.9981332830957,195.06798360001994,5000
CSDVRP-XL-C-03-n150,XL,150,ClassicalALNS,2,2402.839279478116,4052.9981332830957,163.87974180001765,5000
CSDVRP-XL-C-03-n150,XL,150,ClassicalALNS,3,2352.793854593136,4052.9981332830957,175.7527521000011,5000
CSDVRP-XL-C-03-n150,XL,150,ClassicalALNS,4,2367.6865042090385,4052.9981332830957,185.21378800002276,5000
CSDVRP-XL-C-03-n150,XL,150,ClassicalALNS,5,2374.412921758691,4052.9981332830957,180.94175590001396,5000
CSDVRP-XL-C-03-n150,XL,150,DRL-ALNS,1,2298.815357102236,4052.9981332830957,195.17422590000206,5000
CSDVRP-XL-C-03-n150,XL,150,DRL-ALNS,2,2221.70697935282,4052.9981332830957,197.77028070000233,5000
CSDVRP-XL-C-03-n150,XL,150,DRL-ALNS,3,2316.3236141709713,4052.9981332830957,187.1743808000174,5000
CSDVRP-XL-C-03-n150,XL,150,DRL-ALNS,4,2233.1816099171115,4052.9981332830957,182.91226740001002,5000
CSDVRP-XL-C-03-n150,XL,150,DRL-ALNS,5,2394.105525100636,4052.9981332830957,159.23926549998578,5000
CSDVRP-XL-C-04-n150,XL,150,CW,1,3521.623871464047,3521.623871464047,0.01946540002245456,0
CSDVRP-XL-C-04-n150,XL,150,ClassicalALNS,1,2186.714325083669,3521.623871464047,183.70374190001166,5000
CSDVRP-XL-C-04-n150,XL,150,ClassicalALNS,2,2041.9203613526638,3521.623871464047,197.54092940001283,5000
CSDVRP-XL-C-04-n150,XL,150,ClassicalALNS,3,2085.143850870553,3521.623871464047,187.74232819999452,5000
CSDVRP-XL-C-04-n150,XL,150,ClassicalALNS,4,2126.727749835304,3521.623871464047,187.43538540002191,5000
CSDVRP-XL-C-04-n150,XL,150,ClassicalALNS,5,2274.205309983755,3521.623871464047,204.347193900001,5000
CSDVRP-XL-C-04-n150,XL,150,DRL-ALNS,1,2188.39073043086,3521.623871464047,184.51038150000386,5000
CSDVRP-XL-C-04-n150,XL,150,DRL-ALNS,2,2153.6973273683175,3521.623871464047,186.68750719999662,5000
CSDVRP-XL-C-04-n150,XL,150,DRL-ALNS,3,2059.2826042577167,3521.623871464047,184.01431749999756,5000
CSDVRP-XL-C-04-n150,XL,150,DRL-ALNS,4,2059.2654860630323,3521.623871464047,184.5452247999783,5000
CSDVRP-XL-C-04-n150,XL,150,DRL-ALNS,5,2016.345868142069,3521.623871464047,170.58022720000008,5000
CSDVRP-XL-C-01-n150,XL,150,CW,1,3906.834757632553,3906.834757632553,0.019327300018630922,0
CSDVRP-XL-C-01-n150,XL,150,ClassicalALNS,1,2072.9298424668377,3906.834757632553,172.66027950000716,5000
CSDVRP-XL-C-01-n150,XL,150,ClassicalALNS,2,2024.1132659711566,3906.834757632553,184.33502560001216,5000
CSDVRP-XL-C-01-n150,XL,150,ClassicalALNS,3,2212.0692576166057,3906.834757632553,183.39354560000356,5000
CSDVRP-XL-C-01-n150,XL,150,ClassicalALNS,4,2080.1811591970954,3906.834757632553,185.91073979999055,5000
CSDVRP-XL-C-01-n150,XL,150,ClassicalALNS,5,2297.065767336891,3906.834757632553,211.06845130000147,5000
CSDVRP-XL-C-01-n150,XL,150,DRL-ALNS,1,2072.8563315692936,3906.834757632553,201.1589066000015,5000
CSDVRP-XL-C-01-n150,XL,150,DRL-ALNS,2,2194.5983184982492,3906.834757632553,198.1607367999968,5000
CSDVRP-XL-C-01-n150,XL,150,DRL-ALNS,3,2249.7091542810513,3906.834757632553,184.22959490001085,5000
CSDVRP-XL-C-01-n150,XL,150,DRL-ALNS,4,2150.462208003716,3906.834757632553,189.57801510000718,5000
CSDVRP-XL-C-01-n150,XL,150,DRL-ALNS,5,2230.824988518745,3906.834757632553,177.9604347999848,5000
CSDVRP-XL-C-02-n200,XL,200,CW,1,5721.656367230304,5721.656367230304,0.03576719999546185,0
CSDVRP-XL-C-02-n200,XL,200,ClassicalALNS,1,3123.4548955408795,5721.656367230304,246.4417206000071,6000
CSDVRP-XL-C-02-n200,XL,200,ClassicalALNS,2,3013.5718768462802,5721.656367230304,237.88530140000512,6000
CSDVRP-XL-C-02-n200,XL,200,ClassicalALNS,3,3188.1860461537935,5721.656367230304,267.5743509000167,6000
CSDVRP-XL-C-02-n200,XL,200,ClassicalALNS,4,3345.9570044996767,5721.656367230304,292.2818876999954,6000
CSDVRP-XL-C-02-n200,XL,200,ClassicalALNS,5,3110.3365902998657,5721.656367230304,277.70901370001957,6000
CSDVRP-XL-C-02-n200,XL,200,DRL-ALNS,1,3156.9371004399322,5721.656367230304,255.11079600002267,6000
CSDVRP-XL-C-02-n200,XL,200,DRL-ALNS,2,2965.906255379462,5721.656367230304,240.83972069999436,6000
CSDVRP-XL-C-02-n200,XL,200,DRL-ALNS,3,3340.5583645767097,5721.656367230304,237.09323810000205,6000
CSDVRP-XL-C-02-n200,XL,200,DRL-ALNS,4,3280.6690327534607,5721.656367230304,220.9744073000038,6000
CSDVRP-XL-C-02-n200,XL,200,DRL-ALNS,5,3272.9650958438424,5721.656367230304,240.03502989999834,6000
CSDVRP-XL-C-04-n200,XL,200,CW,1,4145.908177807877,4145.908177807877,0.034982699988177046,0
CSDVRP-XL-C-04-n200,XL,200,ClassicalALNS,1,2308.586545770192,4145.908177807877,271.8243485999992,6000
CSDVRP-XL-C-04-n200,XL,200,ClassicalALNS,2,2273.989107386966,4145.908177807877,269.77069360000314,6000
CSDVRP-XL-C-04-n200,XL,200,ClassicalALNS,3,2335.9334564491974,4145.908177807877,273.39601180001046,6000
CSDVRP-XL-C-04-n200,XL,200,ClassicalALNS,4,2375.929217740104,4145.908177807877,304.1396519000118,6000
CSDVRP-XL-C-04-n200,XL,200,ClassicalALNS,5,2392.402239415379,4145.908177807877,308.65078379999613,6000
CSDVRP-XL-C-04-n200,XL,200,DRL-ALNS,1,2397.9297938153477,4145.908177807877,249.1131514000008,6000
CSDVRP-XL-C-04-n200,XL,200,DRL-ALNS,2,2372.4331757600257,4145.908177807877,238.21717680001166,6000
CSDVRP-XL-C-04-n200,XL,200,DRL-ALNS,3,2364.118151743203,4145.908177807877,235.14182610000717,6000
CSDVRP-XL-C-04-n200,XL,200,DRL-ALNS,4,2280.402590365392,4145.908177807877,232.63369440002134,6000
CSDVRP-XL-C-04-n200,XL,200,DRL-ALNS,5,2353.414050797301,4145.908177807877,230.90026190000935,6000
CSDVRP-XL-C-03-n200,XL,200,CW,1,4604.002582223372,4604.002582223372,0.03631890000542626,0
CSDVRP-XL-C-03-n200,XL,200,ClassicalALNS,1,2497.465414453097,4604.002582223372,295.6096811000025,6000
CSDVRP-XL-C-03-n200,XL,200,ClassicalALNS,2,2693.5094455155063,4604.002582223372,284.4258175000141,6000
CSDVRP-XL-C-03-n200,XL,200,ClassicalALNS,3,2704.024200179986,4604.002582223372,323.1863665000128,6000
CSDVRP-XL-C-03-n200,XL,200,ClassicalALNS,4,2532.819042414625,4604.002582223372,292.4697564999806,6000
CSDVRP-XL-C-03-n200,XL,200,ClassicalALNS,5,2641.083083183198,4604.002582223372,332.93978879999486,6000
CSDVRP-XL-C-03-n200,XL,200,DRL-ALNS,1,2606.8437499150587,4604.002582223372,244.0529398000217,6000
CSDVRP-XL-C-03-n200,XL,200,DRL-ALNS,2,2568.181861869939,4604.002582223372,240.85643360001268,6000
CSDVRP-XL-C-03-n200,XL,200,DRL-ALNS,3,2418.9945531065896,4604.002582223372,254.27694159999373,6000
CSDVRP-XL-C-03-n200,XL,200,DRL-ALNS,4,2548.11701693742,4604.002582223372,249.26200400001835,6000
CSDVRP-XL-C-03-n200,XL,200,DRL-ALNS,5,2448.4724640339446,4604.002582223372,262.4373115999915,6000
CSDVRP-XL-C-01-n200,XL,200,CW,1,4932.913697465063,4932.913697465063,0.033815200004028156,0
CSDVRP-XL-C-01-n200,XL,200,ClassicalALNS,1,2726.3226451734495,4932.913697465063,277.9249868999759,6000
CSDVRP-XL-C-01-n200,XL,200,ClassicalALNS,2,2687.5765741834193,4932.913697465063,299.8719599999895,6000
CSDVRP-XL-C-01-n200,XL,200,ClassicalALNS,3,2633.6106930358815,4932.913697465063,317.2112553999759,6000
CSDVRP-XL-C-01-n200,XL,200,ClassicalALNS,4,2489.420028002961,4932.913697465063,319.06324579997454,6000
CSDVRP-XL-C-01-n200,XL,200,ClassicalALNS,5,2836.559976458914,4932.913697465063,299.135615599982,6000
CSDVRP-XL-C-01-n200,XL,200,DRL-ALNS,1,2603.989172273505,4932.913697465063,277.9984388999874,6000
CSDVRP-XL-C-01-n200,XL,200,DRL-ALNS,2,2722.0103447813226,4932.913697465063,251.1357363999996,6000
CSDVRP-XL-C-01-n200,XL,200,DRL-ALNS,3,2627.3836450191625,4932.913697465063,254.44534289999865,6000
CSDVRP-XL-C-01-n200,XL,200,DRL-ALNS,4,2771.7598005026966,4932.913697465063,233.1897164999973,6000
CSDVRP-XL-C-01-n200,XL,200,DRL-ALNS,5,2660.1086012073383,4932.913697465063,264.27705539998715,6000
CSDVRP-XL-C-05-n150,XL,150,CW,1,2965.5902200735845,2965.5902200735845,0.01948909999919124,0
CSDVRP-XL-C-05-n150,XL,150,ClassicalALNS,1,1729.735581917908,2965.5902200735845,186.71098890001304,5000
CSDVRP-XL-C-05-n150,XL,150,ClassicalALNS,2,1647.8206776743225,2965.5902200735845,183.83018430002267,5000
CSDVRP-XL-C-05-n150,XL,150,ClassicalALNS,3,1672.906373867242,2965.5902200735845,191.19724529999075,5000
CSDVRP-XL-C-05-n150,XL,150,ClassicalALNS,4,1612.9951430745868,2965.5902200735845,188.58523890000652,5000
CSDVRP-XL-C-05-n150,XL,150,ClassicalALNS,5,1755.709275850847,2965.5902200735845,194.8784708000021,5000
CSDVRP-XL-C-05-n150,XL,150,DRL-ALNS,1,1639.3613825973785,2965.5902200735845,174.28975099997479,5000
CSDVRP-XL-C-05-n150,XL,150,DRL-ALNS,2,1673.3403009912288,2965.5902200735845,176.52450999998837,5000
CSDVRP-XL-C-05-n150,XL,150,DRL-ALNS,3,1760.7992256969792,2965.5902200735845,169.24828939998406,5000
CSDVRP-XL-C-05-n150,XL,150,DRL-ALNS,4,1666.2625408581853,2965.5902200735845,178.00524649998988,5000
CSDVRP-XL-C-05-n150,XL,150,DRL-ALNS,5,1669.7954787203444,2965.5902200735845,178.5011141000141,5000
CSDVRP-XL-C-06-n150,XL,150,CW,1,4288.658000209644,4288.658000209644,0.02212320000398904,0
CSDVRP-XL-C-06-n150,XL,150,ClassicalALNS,1,2425.276132182206,4288.658000209644,193.11327370000072,5000
CSDVRP-XL-C-06-n150,XL,150,ClassicalALNS,2,2315.248565225006,4288.658000209644,186.3301991999906,5000
CSDVRP-XL-C-06-n150,XL,150,ClassicalALNS,3,2303.2814066281967,4288.658000209644,183.60376810000162,5000
CSDVRP-XL-C-06-n150,XL,150,ClassicalALNS,4,2431.983578534729,4288.658000209644,196.12906740000471,5000
CSDVRP-XL-C-06-n150,XL,150,ClassicalALNS,5,2375.901613069742,4288.658000209644,214.5874948000128,5000
CSDVRP-XL-C-06-n150,XL,150,DRL-ALNS,1,2239.049129044545,4288.658000209644,181.76230830000713,5000
CSDVRP-XL-C-06-n150,XL,150,DRL-ALNS,2,2360.2548261982765,4288.658000209644,180.0433744000038,5000
CSDVRP-XL-C-06-n150,XL,150,DRL-ALNS,3,2281.445546025827,4288.658000209644,197.1015883999935,5000
CSDVRP-XL-C-06-n150,XL,150,DRL-ALNS,4,2347.9852544824653,4288.658000209644,176.5020366999961,5000
CSDVRP-XL-C-06-n150,XL,150,DRL-ALNS,5,2346.133249133394,4288.658000209644,176.60913339999388,5000
CSDVRP-XL-C-07-n150,XL,150,CW,1,2991.687386720327,2991.687386720327,0.016050499980337918,0
CSDVRP-XL-C-07-n150,XL,150,ClassicalALNS,1,1806.220351732734,2991.687386720327,172.54116280001472,5000
CSDVRP-XL-C-07-n150,XL,150,ClassicalALNS,2,1899.9266422767305,2991.687386720327,198.30868499999633,5000
CSDVRP-XL-C-07-n150,XL,150,ClassicalALNS,3,1786.710626809908,2991.687386720327,178.99797070000204,5000
CSDVRP-XL-C-07-n150,XL,150,ClassicalALNS,4,1737.1211052363763,2991.687386720327,193.60063689999515,5000
CSDVRP-XL-C-07-n150,XL,150,ClassicalALNS,5,1800.8600422328952,2991.687386720327,190.09426420001546,5000
CSDVRP-XL-C-07-n150,XL,150,DRL-ALNS,1,1723.9995653694361,2991.687386720327,162.75151840000763,5000
CSDVRP-XL-C-07-n150,XL,150,DRL-ALNS,2,1693.951023038951,2991.687386720327,162.67767470001127,5000
CSDVRP-XL-C-07-n150,XL,150,DRL-ALNS,3,1739.220232494005,2991.687386720327,160.75917440000921,5000
CSDVRP-XL-C-07-n150,XL,150,DRL-ALNS,4,1757.2388108794707,2991.687386720327,164.5995853000204,5000
CSDVRP-XL-C-07-n150,XL,150,DRL-ALNS,5,1784.911117635884,2991.687386720327,161.54010350001045,5000
CSDVRP-XL-C-08-n150,XL,150,CW,1,3560.6915013142248,3560.6915013142248,0.02124629999161698,0
CSDVRP-XL-C-08-n150,XL,150,ClassicalALNS,1,2122.1222424895504,3560.6915013142248,183.94244109999272,5000
CSDVRP-XL-C-08-n150,XL,150,ClassicalALNS,2,1966.0886492935226,3560.6915013142248,176.20643839999684,5000
CSDVRP-XL-C-08-n150,XL,150,ClassicalALNS,3,2151.0018343018664,3560.6915013142248,175.41011989998515,5000
CSDVRP-XL-C-08-n150,XL,150,ClassicalALNS,4,2096.060417268396,3560.6915013142248,177.67966090000118,5000
CSDVRP-XL-C-08-n150,XL,150,ClassicalALNS,5,1968.8794724332747,3560.6915013142248,185.20980799998506,5000
CSDVRP-XL-C-08-n150,XL,150,DRL-ALNS,1,1991.544986820133,3560.6915013142248,166.93161489997874,5000
CSDVRP-XL-C-08-n150,XL,150,DRL-ALNS,2,1966.0914904094993,3560.6915013142248,166.58673549999367,5000
CSDVRP-XL-C-08-n150,XL,150,DRL-ALNS,3,2063.29417345182,3560.6915013142248,160.57284870001604,5000
CSDVRP-XL-C-08-n150,XL,150,DRL-ALNS,4,2032.5059060136684,3560.6915013142248,165.01746550001553,5000
CSDVRP-XL-C-08-n150,XL,150,DRL-ALNS,5,1985.8533021695876,3560.6915013142248,158.72747330000857,5000
CSDVRP-XL-C-06-n200,XL,200,CW,1,4284.466223704294,4284.466223704294,0.03403969999635592,0
CSDVRP-XL-C-06-n200,XL,200,ClassicalALNS,1,2448.231489650681,4284.466223704294,266.60370880001574,6000
CSDVRP-XL-C-06-n200,XL,200,ClassicalALNS,2,2638.594877535824,4284.466223704294,271.9655891000002,6000
CSDVRP-XL-C-06-n200,XL,200,ClassicalALNS,3,2595.702744909316,4284.466223704294,258.9593500000192,6000
CSDVRP-XL-C-06-n200,XL,200,ClassicalALNS,4,2529.4425920640447,4284.466223704294,305.58215060000657,6000
CSDVRP-XL-C-06-n200,XL,200,ClassicalALNS,5,2673.954677866434,4284.466223704294,310.4450170999917,6000
CSDVRP-XL-C-06-n200,XL,200,DRL-ALNS,1,2635.5366196102027,4284.466223704294,254.57709960002103,6000
CSDVRP-XL-C-06-n200,XL,200,DRL-ALNS,2,2470.6312517468546,4284.466223704294,239.78937770001357,6000
CSDVRP-XL-C-06-n200,XL,200,DRL-ALNS,3,2777.8987888161555,4284.466223704294,246.50941769999918,6000
CSDVRP-XL-C-06-n200,XL,200,DRL-ALNS,4,2661.5789804023807,4284.466223704294,250.0083949000109,6000
CSDVRP-XL-C-06-n200,XL,200,DRL-ALNS,5,2547.0472968812983,4284.466223704294,240.85837619999074,6000
CSDVRP-XL-C-05-n200,XL,200,CW,1,5695.880803769022,5695.880803769022,0.031674300000304356,0
CSDVRP-XL-C-05-n200,XL,200,ClassicalALNS,1,3362.3837133604807,5695.880803769022,304.8081000999955,6000
CSDVRP-XL-C-05-n200,XL,200,ClassicalALNS,2,3372.8672030834814,5695.880803769022,291.36400739999954,6000
CSDVRP-XL-C-05-n200,XL,200,ClassicalALNS,3,3158.8796392428812,5695.880803769022,309.2163125000079,6000
CSDVRP-XL-C-05-n200,XL,200,ClassicalALNS,4,3338.025286742102,5695.880803769022,317.2345392999996,6000
CSDVRP-XL-C-05-n200,XL,200,ClassicalALNS,5,3243.864026177691,5695.880803769022,312.0730256999959,6000
CSDVRP-XL-C-05-n200,XL,200,DRL-ALNS,1,3332.446012121664,5695.880803769022,290.8547761999944,6000
CSDVRP-XL-C-05-n200,XL,200,DRL-ALNS,2,3099.2974041922853,5695.880803769022,270.1429145000002,6000
CSDVRP-XL-C-05-n200,XL,200,DRL-ALNS,3,3263.6560592535384,5695.880803769022,262.23775000000023,6000
CSDVRP-XL-C-05-n200,XL,200,DRL-ALNS,4,3219.6846374956576,5695.880803769022,256.4618377999868,6000
CSDVRP-XL-C-05-n200,XL,200,DRL-ALNS,5,3113.6677524123797,5695.880803769022,279.8460990000167,6000
CSDVRP-XL-C-07-n200,XL,200,CW,1,3985.6117218812115,3985.6117218812115,0.03253590001258999,0
CSDVRP-XL-C-07-n200,XL,200,ClassicalALNS,1,2190.466112743474,3985.6117218812115,293.41817409999203,6000
CSDVRP-XL-C-07-n200,XL,200,ClassicalALNS,2,2410.410378210811,3985.6117218812115,252.96972570000798,6000
CSDVRP-XL-C-07-n200,XL,200,ClassicalALNS,3,2323.422214852895,3985.6117218812115,267.94121699998504,6000
CSDVRP-XL-C-07-n200,XL,200,ClassicalALNS,4,2174.0804732054207,3985.6117218812115,266.5973538000253,6000
CSDVRP-XL-C-07-n200,XL,200,ClassicalALNS,5,2595.4498780096233,3985.6117218812115,247.61760129997856,6000
CSDVRP-XL-C-07-n200,XL,200,DRL-ALNS,1,2293.064832309333,3985.6117218812115,243.93662790002418,6000
CSDVRP-XL-C-07-n200,XL,200,DRL-ALNS,2,2233.9200398458643,3985.6117218812115,238.55304960001376,6000
CSDVRP-XL-C-07-n200,XL,200,DRL-ALNS,3,2306.875623329612,3985.6117218812115,247.55643580001197,6000
CSDVRP-XL-C-07-n200,XL,200,DRL-ALNS,4,2168.0009868705524,3985.6117218812115,269.17541940000956,6000
CSDVRP-XL-C-07-n200,XL,200,DRL-ALNS,5,2214.9225040425144,3985.6117218812115,260.470255799999,6000
CSDVRP-XL-C-08-n200,XL,200,CW,1,4261.994522597234,4261.994522597234,0.03684049998992123,0
CSDVRP-XL-C-08-n200,XL,200,ClassicalALNS,1,2309.042367574528,4261.994522597234,286.1948090000078,6000
CSDVRP-XL-C-08-n200,XL,200,ClassicalALNS,2,2485.8662469784754,4261.994522597234,278.1519593000121,6000
CSDVRP-XL-C-08-n200,XL,200,ClassicalALNS,3,2460.1345663500992,4261.994522597234,285.0702258000092,6000
CSDVRP-XL-C-08-n200,XL,200,ClassicalALNS,4,2349.956454760184,4261.994522597234,247.8543469000142,6000
CSDVRP-XL-C-08-n200,XL,200,ClassicalALNS,5,2355.105700979033,4261.994522597234,269.08067049999954,6000
CSDVRP-XL-C-08-n200,XL,200,DRL-ALNS,1,2464.586114084794,4261.994522597234,229.40005140000721,6000
CSDVRP-XL-C-08-n200,XL,200,DRL-ALNS,2,2431.5112804131086,4261.994522597234,251.93748380002216,6000
CSDVRP-XL-C-08-n200,XL,200,DRL-ALNS,3,2384.2137899836935,4261.994522597234,253.11362930000178,6000
CSDVRP-XL-C-08-n200,XL,200,DRL-ALNS,4,2594.596476838176,4261.994522597234,275.3204770000011,6000
CSDVRP-XL-C-08-n200,XL,200,DRL-ALNS,5,2304.0875267594456,4261.994522597234,251.62500870000804,6000
CSDVRP-XL-C-09-n150,XL,150,CW,1,3118.028039766945,3118.028039766945,0.02092020001146011,0
CSDVRP-XL-C-09-n150,XL,150,ClassicalALNS,1,1885.844241789525,3118.028039766945,177.062429099984,5000
CSDVRP-XL-C-09-n150,XL,150,ClassicalALNS,2,1975.7116563901957,3118.028039766945,211.87085139998817,5000
CSDVRP-XL-C-09-n150,XL,150,ClassicalALNS,3,1935.6433263428182,3118.028039766945,175.16127949999645,5000
CSDVRP-XL-C-09-n150,XL,150,ClassicalALNS,4,1958.5022717737343,3118.028039766945,168.98427809998975,5000
CSDVRP-XL-C-09-n150,XL,150,ClassicalALNS,5,1963.5621606358845,3118.028039766945,172.0990525999805,5000
CSDVRP-XL-C-09-n150,XL,150,DRL-ALNS,1,1881.7353894485232,3118.028039766945,175.7452631999913,5000
CSDVRP-XL-C-09-n150,XL,150,DRL-ALNS,2,1927.0784988348314,3118.028039766945,183.43358250000165,5000
CSDVRP-XL-C-09-n150,XL,150,DRL-ALNS,3,1907.9970913104119,3118.028039766945,177.01034280000022,5000
CSDVRP-XL-C-09-n150,XL,150,DRL-ALNS,4,1927.0869563825343,3118.028039766945,191.0503439999884,5000
CSDVRP-XL-C-09-n150,XL,150,DRL-ALNS,5,1882.046945473868,3118.028039766945,159.1304727999959,5000
CSDVRP-XL-C-10-n150,XL,150,CW,1,3632.2030517112134,3632.2030517112134,0.019553299993276596,0
CSDVRP-XL-C-10-n150,XL,150,ClassicalALNS,1,1988.5659724631682,3632.2030517112134,179.25650209997548,5000
CSDVRP-XL-C-10-n150,XL,150,ClassicalALNS,2,2127.395294194186,3632.2030517112134,164.3585017999867,5000
CSDVRP-XL-C-10-n150,XL,150,ClassicalALNS,3,1996.1652140483595,3632.2030517112134,195.95367229997646,5000
CSDVRP-XL-C-10-n150,XL,150,ClassicalALNS,4,2106.982004391446,3632.2030517112134,203.33434049997595,5000
CSDVRP-XL-C-10-n150,XL,150,ClassicalALNS,5,1912.5857393542708,3632.2030517112134,192.833062300022,5000
CSDVRP-XL-C-10-n150,XL,150,DRL-ALNS,1,1884.0029639368988,3632.2030517112134,170.3253204000066,5000
CSDVRP-XL-C-10-n150,XL,150,DRL-ALNS,2,1968.2657031552671,3632.2030517112134,157.22293160000117,5000
CSDVRP-XL-C-10-n150,XL,150,DRL-ALNS,3,1933.4327886732895,3632.2030517112134,164.01131299999543,5000
CSDVRP-XL-C-10-n150,XL,150,DRL-ALNS,4,2005.3343294847514,3632.2030517112134,162.98052920002374,5000
CSDVRP-XL-C-10-n150,XL,150,DRL-ALNS,5,2020.7626757996845,3632.2030517112134,163.14293780000298,5000
CSDVRP-XL-R-01-n150,XL,150,CW,1,4259.810065766061,4259.810065766061,0.02048479998484254,0
CSDVRP-XL-R-01-n150,XL,150,ClassicalALNS,1,2206.4485985813985,4259.810065766061,181.32396640002844,5000
CSDVRP-XL-R-01-n150,XL,150,ClassicalALNS,2,2254.6364542062292,4259.810065766061,172.4693478999834,5000
CSDVRP-XL-R-01-n150,XL,150,ClassicalALNS,3,2175.2654992080734,4259.810065766061,188.8028481999936,5000
CSDVRP-XL-R-01-n150,XL,150,ClassicalALNS,4,2324.5606809965884,4259.810065766061,195.57923110001138,5000
CSDVRP-XL-R-01-n150,XL,150,ClassicalALNS,5,2441.1488043005006,4259.810065766061,166.41500589999487,5000
CSDVRP-XL-R-01-n150,XL,150,DRL-ALNS,1,2443.6982374605086,4259.810065766061,172.18936019999092,5000
CSDVRP-XL-R-01-n150,XL,150,DRL-ALNS,2,2335.9809100209704,4259.810065766061,161.19879450000008,5000
CSDVRP-XL-R-01-n150,XL,150,DRL-ALNS,3,2294.582048081285,4259.810065766061,167.77666080000927,5000
CSDVRP-XL-R-01-n150,XL,150,DRL-ALNS,4,2314.367334054196,4259.810065766061,159.22268970002187,5000
CSDVRP-XL-R-01-n150,XL,150,DRL-ALNS,5,2339.078454138771,4259.810065766061,164.2086941000016,5000
CSDVRP-XL-C-09-n200,XL,200,CW,1,3837.829784368268,3837.829784368268,0.03512179999961518,0
CSDVRP-XL-C-09-n200,XL,200,ClassicalALNS,1,2194.6238803910155,3837.829784368268,265.32427219999954,6000
CSDVRP-XL-C-09-n200,XL,200,ClassicalALNS,2,2119.7089364194435,3837.829784368268,268.51536669998313,6000
CSDVRP-XL-C-09-n200,XL,200,ClassicalALNS,3,2244.978184204203,3837.829784368268,275.15765159999137,6000
CSDVRP-XL-C-09-n200,XL,200,ClassicalALNS,4,2233.1563281051044,3837.829784368268,327.5305784000084,6000
CSDVRP-XL-C-09-n200,XL,200,ClassicalALNS,5,2325.8823634785495,3837.829784368268,300.83775780000724,6000
CSDVRP-XL-C-09-n200,XL,200,DRL-ALNS,1,2464.461990099062,3837.829784368268,266.71687799997744,6000
CSDVRP-XL-C-09-n200,XL,200,DRL-ALNS,2,2348.9167508425044,3837.829784368268,247.07316579998587,6000
CSDVRP-XL-C-09-n200,XL,200,DRL-ALNS,3,2223.41952361374,3837.829784368268,251.9969265999971,6000
CSDVRP-XL-C-09-n200,XL,200,DRL-ALNS,4,2370.586582014096,3837.829784368268,249.22743729999638,6000
CSDVRP-XL-C-09-n200,XL,200,DRL-ALNS,5,2253.714459793686,3837.829784368268,230.1824736999988,6000
CSDVRP-XL-R-02-n150,XL,150,CW,1,4509.062770541077,4509.062770541077,0.02253389998804778,0
CSDVRP-XL-R-02-n150,XL,150,ClassicalALNS,1,2309.9296318602464,4509.062770541077,185.94730229998822,5000
CSDVRP-XL-R-02-n150,XL,150,ClassicalALNS,2,2333.4222135136806,4509.062770541077,183.96324319997802,5000
CSDVRP-XL-R-02-n150,XL,150,ClassicalALNS,3,2338.484072909645,4509.062770541077,182.32276360000833,5000
CSDVRP-XL-R-02-n150,XL,150,ClassicalALNS,4,2283.983447905517,4509.062770541077,175.4073747000075,5000
CSDVRP-XL-R-02-n150,XL,150,ClassicalALNS,5,2379.0328458095737,4509.062770541077,173.9307056000107,5000
CSDVRP-XL-R-02-n150,XL,150,DRL-ALNS,1,2555.652025601218,4509.062770541077,165.71348589999252,5000
CSDVRP-XL-R-02-n150,XL,150,DRL-ALNS,2,2525.653526556747,4509.062770541077,150.13290600001346,5000
CSDVRP-XL-R-02-n150,XL,150,DRL-ALNS,3,2485.1840160027,4509.062770541077,175.09207069998956,5000
CSDVRP-XL-R-02-n150,XL,150,DRL-ALNS,4,2498.755117809549,4509.062770541077,186.68490950000705,5000
CSDVRP-XL-R-02-n150,XL,150,DRL-ALNS,5,2420.867865403661,4509.062770541077,185.98387680001906,5000
CSDVRP-XL-R-03-n150,XL,150,CW,1,4456.691096552012,4456.691096552012,0.013164899981347844,0
CSDVRP-XL-R-03-n150,XL,150,ClassicalALNS,1,2533.459735096441,4456.691096552012,167.0243182000122,5000
CSDVRP-XL-R-03-n150,XL,150,ClassicalALNS,2,2628.4318994153555,4456.691096552012,167.41960020002443,5000
CSDVRP-XL-R-03-n150,XL,150,ClassicalALNS,3,2502.9159866758605,4456.691096552012,175.06522170000244,5000
CSDVRP-XL-R-03-n150,XL,150,ClassicalALNS,4,2294.04496378239,4456.691096552012,178.9791194999998,5000
CSDVRP-XL-R-03-n150,XL,150,ClassicalALNS,5,2162.5261933202346,4456.691096552012,168.44586010000785,5000
CSDVRP-XL-R-03-n150,XL,150,DRL-ALNS,1,2215.669637168078,4456.691096552012,152.5725678000017,5000
CSDVRP-XL-R-03-n150,XL,150,DRL-ALNS,2,2442.712461321065,4456.691096552012,171.60043150000274,5000
CSDVRP-XL-R-03-n150,XL,150,DRL-ALNS,3,2335.1225305994753,4456.691096552012,189.1454531000054,5000
CSDVRP-XL-R-03-n150,XL,150,DRL-ALNS,4,2272.6611846846836,4456.691096552012,189.36549899997772,5000
CSDVRP-XL-R-03-n150,XL,150,DRL-ALNS,5,2367.7763651278506,4456.691096552012,176.80087089998415,5000
CSDVRP-XL-C-10-n200,XL,200,CW,1,4918.625017709546,4918.625017709546,0.03423060002387501,0
CSDVRP-XL-C-10-n200,XL,200,ClassicalALNS,1,2947.4894813253404,4918.625017709546,260.58349970000563,6000
CSDVRP-XL-C-10-n200,XL,200,ClassicalALNS,2,2908.7025316052736,4918.625017709546,306.82556009999826,6000
CSDVRP-XL-C-10-n200,XL,200,ClassicalALNS,3,2823.549159049654,4918.625017709546,301.96497450000606,6000
CSDVRP-XL-C-10-n200,XL,200,ClassicalALNS,4,3035.5514615351663,4918.625017709546,275.2232109000033,6000
CSDVRP-XL-C-10-n200,XL,200,ClassicalALNS,5,2651.4302931878688,4918.625017709546,299.95924999998533,6000
CSDVRP-XL-C-10-n200,XL,200,DRL-ALNS,1,2821.1006727705117,4918.625017709546,245.18119480001042,6000
CSDVRP-XL-C-10-n200,XL,200,DRL-ALNS,2,2943.465712340137,4918.625017709546,223.52331550000235,6000
CSDVRP-XL-C-10-n200,XL,200,DRL-ALNS,3,2759.2923839359037,4918.625017709546,276.04904350001016,6000
CSDVRP-XL-C-10-n200,XL,200,DRL-ALNS,4,2748.662723588788,4918.625017709546,267.6342846000043,6000
CSDVRP-XL-C-10-n200,XL,200,DRL-ALNS,5,2710.3308268211213,4918.625017709546,283.28151760000037,6000
CSDVRP-XL-R-01-n200,XL,200,CW,1,5263.022837220327,5263.022837220327,0.03785160000552423,0
CSDVRP-XL-R-01-n200,XL,200,ClassicalALNS,1,2941.1046465187924,5263.022837220327,274.6164523999905,6000
CSDVRP-XL-R-01-n200,XL,200,ClassicalALNS,2,2903.3781587740846,5263.022837220327,283.45871799997985,6000
CSDVRP-XL-R-01-n200,XL,200,ClassicalALNS,3,2937.388902694109,5263.022837220327,253.00475999998162,6000
CSDVRP-XL-R-01-n200,XL,200,ClassicalALNS,4,2804.2722043150657,5263.022837220327,257.75271339999745,6000
CSDVRP-XL-R-01-n200,XL,200,ClassicalALNS,5,2990.8187678785607,5263.022837220327,255.5359785000037,6000
CSDVRP-XL-R-01-n200,XL,200,DRL-ALNS,1,2758.598957391572,5263.022837220327,238.94504000002053,6000
CSDVRP-XL-R-01-n200,XL,200,DRL-ALNS,2,2916.5592369998412,5263.022837220327,229.68161669999245,6000
CSDVRP-XL-R-01-n200,XL,200,DRL-ALNS,3,2852.9508571637616,5263.022837220327,258.37015829997836,6000
CSDVRP-XL-R-01-n200,XL,200,DRL-ALNS,4,2891.1787578090634,5263.022837220327,275.08335610001814,6000
CSDVRP-XL-R-01-n200,XL,200,DRL-ALNS,5,2811.818237203152,5263.022837220327,271.48394850001205,6000
CSDVRP-XL-R-02-n200,XL,200,CW,1,5201.708058964986,5201.708058964986,0.033482200000435114,0
CSDVRP-XL-R-02-n200,XL,200,ClassicalALNS,1,2889.8713599701814,5201.708058964986,242.78319440002088,6000
CSDVRP-XL-R-02-n200,XL,200,ClassicalALNS,2,2736.772592983072,5201.708058964986,237.32421120000072,6000
CSDVRP-XL-R-02-n200,XL,200,ClassicalALNS,3,2680.8516599875147,5201.708058964986,275.6632545000175,6000
CSDVRP-XL-R-02-n200,XL,200,ClassicalALNS,4,2685.297622410024,5201.708058964986,270.32272500000545,6000
CSDVRP-XL-R-02-n200,XL,200,ClassicalALNS,5,2846.4065376658423,5201.708058964986,270.90885059998254,6000
CSDVRP-XL-R-02-n200,XL,200,DRL-ALNS,1,2663.4135677776576,5201.708058964986,258.0386093999841,6000
CSDVRP-XL-R-02-n200,XL,200,DRL-ALNS,2,2701.2667246944625,5201.708058964986,267.48860950002563,6000
CSDVRP-XL-R-02-n200,XL,200,DRL-ALNS,3,2901.516004868312,5201.708058964986,238.55455080000684,6000
CSDVRP-XL-R-02-n200,XL,200,DRL-ALNS,4,2771.685946162978,5201.708058964986,208.28747219999786,6000
CSDVRP-XL-R-02-n200,XL,200,DRL-ALNS,5,2837.1534299842424,5201.708058964986,160.5864883000031,6000
CSDVRP-XL-R-04-n150,XL,150,CW,1,4546.157189624093,4546.157189624093,0.020381700014695525,0
CSDVRP-XL-R-04-n150,XL,150,ClassicalALNS,1,2762.8194493173855,4546.157189624093,164.971109599981,5000
CSDVRP-XL-R-04-n150,XL,150,ClassicalALNS,2,2662.241711114468,4546.157189624093,189.07795199999237,5000
CSDVRP-XL-R-04-n150,XL,150,ClassicalALNS,3,2606.0260742095684,4546.157189624093,201.86529010001686,5000
CSDVRP-XL-R-04-n150,XL,150,ClassicalALNS,4,2374.730093423172,4546.157189624093,204.50011439999798,5000
CSDVRP-XL-R-04-n150,XL,150,ClassicalALNS,5,2469.970663271396,4546.157189624093,207.65737450000597,5000
CSDVRP-XL-R-04-n150,XL,150,DRL-ALNS,1,2782.512934170917,4546.157189624093,176.67170619999524,5000
CSDVRP-XL-R-04-n150,XL,150,DRL-ALNS,2,2803.3428064564646,4546.157189624093,161.2769827999873,5000
CSDVRP-XL-R-04-n150,XL,150,DRL-ALNS,3,2654.367458346897,4546.157189624093,134.690669899981,5000
CSDVRP-XL-R-04-n150,XL,150,DRL-ALNS,4,2604.787752863831,4546.157189624093,110.836853899993,5000
CSDVRP-XL-R-04-n150,XL,150,DRL-ALNS,5,2675.7560555501427,4546.157189624093,132.05608380000922,5000
CSDVRP-XL-R-03-n200,XL,200,CW,1,5302.25493033586,5302.25493033586,0.033787299995310605,0
CSDVRP-XL-R-03-n200,XL,200,ClassicalALNS,1,2977.8809792066204,5302.25493033586,284.1824571999896,6000
CSDVRP-XL-R-03-n200,XL,200,ClassicalALNS,2,2772.629686603409,5302.25493033586,254.05001690000063,6000
CSDVRP-XL-R-03-n200,XL,200,ClassicalALNS,3,2847.5831564640953,5302.25493033586,292.81876110000303,6000
CSDVRP-XL-R-03-n200,XL,200,ClassicalALNS,4,3080.6679294044966,5302.25493033586,288.707224200014,6000
CSDVRP-XL-R-03-n200,XL,200,ClassicalALNS,5,2931.3716176577213,5302.25493033586,262.2844993000035,6000
CSDVRP-XL-R-03-n200,XL,200,DRL-ALNS,1,2780.1284177110733,5302.25493033586,219.80011519999243,6000
CSDVRP-XL-R-03-n200,XL,200,DRL-ALNS,2,2892.5636411402443,5302.25493033586,173.03481460001785,6000
CSDVRP-XL-R-03-n200,XL,200,DRL-ALNS,3,2770.664171226401,5302.25493033586,202.72247940002126,6000
CSDVRP-XL-R-03-n200,XL,200,DRL-ALNS,4,2922.022484826297,5302.25493033586,229.6032991000102,6000
CSDVRP-XL-R-03-n200,XL,200,DRL-ALNS,5,2926.889689235302,5302.25493033586,201.5584274000139,6000
CSDVRP-XL-R-05-n150,XL,150,CW,1,4557.630294651713,4557.630294651713,0.021553700004005805,0
CSDVRP-XL-R-05-n150,XL,150,ClassicalALNS,1,2644.436180399598,4557.630294651713,207.8010462000093,5000
CSDVRP-XL-R-05-n150,XL,150,ClassicalALNS,2,2618.339393655567,4557.630294651713,176.33764110002085,5000
CSDVRP-XL-R-05-n150,XL,150,ClassicalALNS,3,2529.1547798077327,4557.630294651713,170.05602910000016,5000
CSDVRP-XL-R-05-n150,XL,150,ClassicalALNS,4,2652.7757140159024,4557.630294651713,145.5867004999891,5000
CSDVRP-XL-R-05-n150,XL,150,ClassicalALNS,5,2644.932609404434,4557.630294651713,115.90691229997901,5000
CSDVRP-XL-R-05-n150,XL,150,DRL-ALNS,1,2454.945357604039,4557.630294651713,121.07841219997499,5000
CSDVRP-XL-R-05-n150,XL,150,DRL-ALNS,2,2614.6775170400883,4557.630294651713,157.24875820000307,5000
CSDVRP-XL-R-05-n150,XL,150,DRL-ALNS,3,2541.830093114685,4557.630294651713,165.8527863000054,5000
CSDVRP-XL-R-05-n150,XL,150,DRL-ALNS,4,2454.379140632091,4557.630294651713,145.4641607000085,5000
CSDVRP-XL-R-05-n150,XL,150,DRL-ALNS,5,2611.9810267127104,4557.630294651713,161.3611338000046,5000
CSDVRP-XL-R-06-n150,XL,150,CW,1,4343.224671613402,4343.224671613402,0.024244400003226474,0
CSDVRP-XL-R-06-n150,XL,150,ClassicalALNS,1,2356.2950721655343,4343.224671613402,188.55639549999614,5000
CSDVRP-XL-R-06-n150,XL,150,ClassicalALNS,2,1926.4854871254724,4343.224671613402,176.39795640000375,5000
CSDVRP-XL-R-06-n150,XL,150,ClassicalALNS,3,1969.3052474898225,4343.224671613402,122.12415039999178,5000
CSDVRP-XL-R-06-n150,XL,150,ClassicalALNS,4,2106.2206891402466,4343.224671613402,114.37699440002325,5000
CSDVRP-XL-R-06-n150,XL,150,ClassicalALNS,5,2091.871146646743,4343.224671613402,159.44654020000598,5000
CSDVRP-XL-R-06-n150,XL,150,DRL-ALNS,1,2265.786650759419,4343.224671613402,159.63614429999143,5000
CSDVRP-XL-R-06-n150,XL,150,DRL-ALNS,2,2258.2867870937916,4343.224671613402,171.52194159998908,5000
CSDVRP-XL-R-06-n150,XL,150,DRL-ALNS,3,2072.7082691772825,4343.224671613402,153.01790949999122,5000
CSDVRP-XL-R-06-n150,XL,150,DRL-ALNS,4,2117.880664487174,4343.224671613402,165.1812567000161,5000
CSDVRP-XL-R-06-n150,XL,150,DRL-ALNS,5,2168.762358591561,4343.224671613402,153.00462849999894,5000
CSDVRP-XL-R-04-n200,XL,200,CW,1,5617.0779385297765,5617.0779385297765,0.033877700014272705,0
CSDVRP-XL-R-04-n200,XL,200,ClassicalALNS,1,3021.6368873169404,5617.0779385297765,271.1476057000109,6000
CSDVRP-XL-R-04-n200,XL,200,ClassicalALNS,2,3083.3182679278184,5617.0779385297765,275.0382354000176,6000
CSDVRP-XL-R-04-n200,XL,200,ClassicalALNS,3,3000.6914628024574,5617.0779385297765,280.62290450002183,6000
CSDVRP-XL-R-04-n200,XL,200,ClassicalALNS,4,3077.799464232615,5617.0779385297765,262.50247509998735,6000
CSDVRP-XL-R-04-n200,XL,200,ClassicalALNS,5,3035.175995090638,5617.0779385297765,209.77677810000023,6000
CSDVRP-XL-R-04-n200,XL,200,DRL-ALNS,1,3099.899753539943,5617.0779385297765,182.17178170001716,6000
CSDVRP-XL-R-04-n200,XL,200,DRL-ALNS,2,3050.9475211193703,5617.0779385297765,239.733533599996,6000
CSDVRP-XL-R-04-n200,XL,200,DRL-ALNS,3,3155.889518023423,5617.0779385297765,225.5268892000022,6000
CSDVRP-XL-R-04-n200,XL,200,DRL-ALNS,4,3078.9019240897396,5617.0779385297765,235.3852052000002,6000
CSDVRP-XL-R-04-n200,XL,200,DRL-ALNS,5,3186.8867008618354,5617.0779385297765,237.62959820000106,6000
CSDVRP-XL-R-07-n150,XL,150,CW,1,3773.61107764766,3773.61107764766,0.010121800005435944,0
CSDVRP-XL-R-07-n150,XL,150,ClassicalALNS,1,1992.1983611399294,3773.61107764766,159.84341380000114,5000
CSDVRP-XL-R-07-n150,XL,150,ClassicalALNS,2,2062.804152898709,3773.61107764766,174.3282140000083,5000
CSDVRP-XL-R-07-n150,XL,150,ClassicalALNS,3,2279.9571313189654,3773.61107764766,174.25356470001861,5000
CSDVRP-XL-R-07-n150,XL,150,ClassicalALNS,4,2095.2543342637127,3773.61107764766,169.02414880000288,5000
CSDVRP-XL-R-07-n150,XL,150,ClassicalALNS,5,2228.2728531587163,3773.61107764766,178.48382639998454,5000
CSDVRP-XL-R-07-n150,XL,150,DRL-ALNS,1,2115.2576523709467,3773.61107764766,150.12389079999411,5000
CSDVRP-XL-R-07-n150,XL,150,DRL-ALNS,2,2158.585749531876,3773.61107764766,211.45757100000628,5000
CSDVRP-XL-R-07-n150,XL,150,DRL-ALNS,3,2266.982169151255,3773.61107764766,350.89145149997785,5000
CSDVRP-XL-R-07-n150,XL,150,DRL-ALNS,4,2165.062137859087,3773.61107764766,252.24747209998895,5000
CSDVRP-XL-R-07-n150,XL,150,DRL-ALNS,5,2153.588381873813,3773.61107764766,245.81485059999977,5000
CSDVRP-XL-R-05-n200,XL,200,CW,1,5251.636088257907,5251.636088257907,0.0376107000047341,0
CSDVRP-XL-R-05-n200,XL,200,ClassicalALNS,1,3042.7956776831084,5251.636088257907,291.6007121000148,6000
CSDVRP-XL-R-05-n200,XL,200,ClassicalALNS,2,2913.5565477997525,5251.636088257907,219.18038050000905,6000
CSDVRP-XL-R-05-n200,XL,200,ClassicalALNS,3,2884.1240108755787,5251.636088257907,176.15498989998014,6000
CSDVRP-XL-R-05-n200,XL,200,ClassicalALNS,4,2830.809971908254,5251.636088257907,266.09439000001294,6000
CSDVRP-XL-R-05-n200,XL,200,ClassicalALNS,5,2903.4521949556574,5251.636088257907,256.30680690001464,6000
CSDVRP-XL-R-05-n200,XL,200,DRL-ALNS,1,2737.1699971780968,5251.636088257907,253.42075280001154,6000
CSDVRP-XL-R-05-n200,XL,200,DRL-ALNS,2,2643.094072947037,5251.636088257907,207.1106953000126,6000
CSDVRP-XL-R-05-n200,XL,200,DRL-ALNS,3,2768.9030809104156,5251.636088257907,385.2840582000208,6000
CSDVRP-XL-R-05-n200,XL,200,DRL-ALNS,4,2886.156236616795,5251.636088257907,402.64637609999045,6000
CSDVRP-XL-R-05-n200,XL,200,DRL-ALNS,5,2706.949418878822,5251.636088257907,387.5497672999918,6000
CSDVRP-XL-R-06-n200,XL,200,CW,1,5306.637468801715,5306.637468801715,0.040647100016940385,0
CSDVRP-XL-R-06-n200,XL,200,ClassicalALNS,1,2985.5613369772777,5306.637468801715,248.7997059999907,6000
CSDVRP-XL-R-06-n200,XL,200,ClassicalALNS,2,3164.0059831871154,5306.637468801715,191.41588620000402,6000
CSDVRP-XL-R-06-n200,XL,200,ClassicalALNS,3,3232.2222423429953,5306.637468801715,192.26075519999722,6000
CSDVRP-XL-R-06-n200,XL,200,ClassicalALNS,4,3029.2132758231855,5306.637468801715,252.4698994999926,6000
CSDVRP-XL-R-06-n200,XL,200,ClassicalALNS,5,3045.897990050948,5306.637468801715,253.2268687999749,6000
CSDVRP-XL-R-06-n200,XL,200,DRL-ALNS,1,3242.5301709203413,5306.637468801715,256.4686370000127,6000
CSDVRP-XL-R-06-n200,XL,200,DRL-ALNS,2,3051.3028393378095,5306.637468801715,270.55505990001257,6000
CSDVRP-XL-R-06-n200,XL,200,DRL-ALNS,3,3284.523124784211,5306.637468801715,476.08321479998995,6000
CSDVRP-XL-R-06-n200,XL,200,DRL-ALNS,4,3104.8482907132243,5306.637468801715,383.61927369999466,6000
CSDVRP-XL-R-06-n200,XL,200,DRL-ALNS,5,3099.222055482004,5306.637468801715,363.38186520000454,6000
CSDVRP-CS-01,CS,13,CW,1,622.624530440473,622.624530440473,0.00034180001239292324,0
CSDVRP-CS-01,CS,13,ClassicalALNS,1,497.5013256034832,622.624530440473,1.0804327999940142,1500
CSDVRP-CS-01,CS,13,ClassicalALNS,2,512.7261348448862,622.624530440473,1.1324012999830302,1500
CSDVRP-CS-01,CS,13,ClassicalALNS,3,512.2315324116955,622.624530440473,1.09939379998832,1500
CSDVRP-CS-01,CS,13,ClassicalALNS,4,512.2315324116955,622.624530440473,1.107346199976746,1500
CSDVRP-CS-01,CS,13,ClassicalALNS,5,512.2315324116955,622.624530440473,1.0571361999900546,1500
CSDVRP-CS-01,CS,13,DRL-ALNS,1,527.274333932605,622.624530440473,4.404486799990991,1500
CSDVRP-CS-01,CS,13,DRL-ALNS,2,512.2315324116955,622.624530440473,4.428942600003211,1500
CSDVRP-CS-01,CS,13,DRL-ALNS,3,512.2315324116955,622.624530440473,4.511603999999352,1500
CSDVRP-CS-01,CS,13,DRL-ALNS,4,512.2315324116955,622.624530440473,4.411214899999322,1500
CSDVRP-CS-01,CS,13,DRL-ALNS,5,512.2315324116955,622.624530440473,4.124352899991209,1500
CSDVRP-XL-R-08-n150,XL,150,CW,1,3951.1996071030417,3951.1996071030417,0.02143880000221543,0
CSDVRP-XL-R-08-n150,XL,150,ClassicalALNS,1,2296.91832135247,3951.1996071030417,178.8272442999878,5000
CSDVRP-XL-R-08-n150,XL,150,ClassicalALNS,2,2426.071504774173,3951.1996071030417,161.619889900001,5000
CSDVRP-XL-R-08-n150,XL,150,ClassicalALNS,3,2329.5080699592954,3951.1996071030417,158.2507762000023,5000
CSDVRP-XL-R-08-n150,XL,150,ClassicalALNS,4,2352.2059754927654,3951.1996071030417,345.8077603999991,5000
CSDVRP-XL-R-08-n150,XL,150,ClassicalALNS,5,2381.952895948219,3951.1996071030417,293.22095350001473,5000
CSDVRP-XL-R-08-n150,XL,150,DRL-ALNS,1,2338.7606302961663,3951.1996071030417,269.5952615000133,5000
CSDVRP-XL-R-08-n150,XL,150,DRL-ALNS,2,2348.956857016718,3951.1996071030417,265.085405299993,5000
CSDVRP-XL-R-08-n150,XL,150,DRL-ALNS,3,2529.5652534274345,3951.1996071030417,226.91963279998163,5000
CSDVRP-XL-R-08-n150,XL,150,DRL-ALNS,4,2406.452339389867,3951.1996071030417,246.900278599991,5000
CSDVRP-XL-R-08-n150,XL,150,DRL-ALNS,5,2298.6762803339607,3951.1996071030417,334.1061652000062,5000
CSDVRP-XL-R-07-n200,XL,200,CW,1,5720.948522671216,5720.948522671216,0.043269399990094826,0
CSDVRP-XL-R-07-n200,XL,200,ClassicalALNS,1,3103.261221152275,5720.948522671216,261.9448219999904,6000
CSDVRP-XL-R-07-n200,XL,200,ClassicalALNS,2,3254.5355047795188,5720.948522671216,223.31823900001473,6000
CSDVRP-XL-R-07-n200,XL,200,ClassicalALNS,3,3292.7094119544454,5720.948522671216,284.01562869999907,6000
CSDVRP-XL-R-07-n200,XL,200,ClassicalALNS,4,3134.997823165181,5720.948522671216,270.7051696999988,6000
CSDVRP-XL-R-07-n200,XL,200,ClassicalALNS,5,3202.0126164815842,5720.948522671216,498.3490557000041,6000
CSDVRP-XL-R-07-n200,XL,200,DRL-ALNS,1,3154.216750380297,5720.948522671216,377.238740700006,6000
CSDVRP-XL-R-07-n200,XL,200,DRL-ALNS,2,3054.5041571052975,5720.948522671216,355.292984300002,6000
CSDVRP-XL-R-07-n200,XL,200,DRL-ALNS,3,3181.8782354252207,5720.948522671216,344.8723599000077,6000
CSDVRP-XL-R-07-n200,XL,200,DRL-ALNS,4,2996.8003922109137,5720.948522671216,494.26576149999164,6000
CSDVRP-XL-R-07-n200,XL,200,DRL-ALNS,5,3000.863409758307,5720.948522671216,334.00296280000475,6000
CSDVRP-XL-R-09-n150,XL,150,CW,1,4079.2487276539678,4079.2487276539678,0.015110700012883171,0
CSDVRP-XL-R-09-n150,XL,150,ClassicalALNS,1,2023.678308933496,4079.2487276539678,184.68342379998649,5000
CSDVRP-XL-R-09-n150,XL,150,ClassicalALNS,2,2206.443949307938,4079.2487276539678,354.27619669999694,5000
CSDVRP-XL-R-09-n150,XL,150,ClassicalALNS,3,2098.32965285937,4079.2487276539678,292.0715249000059,5000
CSDVRP-XL-R-09-n150,XL,150,ClassicalALNS,4,2116.7180646833012,4079.2487276539678,268.83277340000495,5000
CSDVRP-XL-R-09-n150,XL,150,ClassicalALNS,5,2021.8130194503058,4079.2487276539678,261.49687370000174,5000
CSDVRP-XL-R-09-n150,XL,150,DRL-ALNS,1,2039.1821473168368,4079.2487276539678,235.1504946000059,5000
CSDVRP-XL-R-09-n150,XL,150,DRL-ALNS,2,2057.657395073711,4079.2487276539678,215.6104808000091,5000
CSDVRP-XL-R-09-n150,XL,150,DRL-ALNS,3,2002.9948981867694,4079.2487276539678,359.2962051000213,5000
CSDVRP-XL-R-09-n150,XL,150,DRL-ALNS,4,2027.2295544553347,4079.2487276539678,269.37661769997794,5000
CSDVRP-XL-R-09-n150,XL,150,DRL-ALNS,5,2067.8035968779477,4079.2487276539678,189.7748358999961,5000
CSDVRP-XL-R-08-n200,XL,200,CW,1,5567.016090605588,5567.016090605588,0.03746789999422617,0
CSDVRP-XL-R-08-n200,XL,200,ClassicalALNS,1,2711.068719956888,5567.016090605588,243.7713834999886,6000
CSDVRP-XL-R-08-n200,XL,200,ClassicalALNS,2,2755.5318760837577,5567.016090605588,374.23987280001165,6000
CSDVRP-XL-R-08-n200,XL,200,ClassicalALNS,3,2930.6087515645854,5567.016090605588,452.30377480000607,6000
CSDVRP-XL-R-08-n200,XL,200,ClassicalALNS,4,2990.39451510693,5567.016090605588,412.23565809999127,6000
CSDVRP-XL-R-08-n200,XL,200,ClassicalALNS,5,3011.7437410202565,5567.016090605588,412.8346508999821,6000
CSDVRP-XL-R-08-n200,XL,200,DRL-ALNS,1,2874.4041894613893,5567.016090605588,383.282352499984,6000
CSDVRP-XL-R-08-n200,XL,200,DRL-ALNS,2,2731.113670259352,5567.016090605588,449.16962390000117,6000
CSDVRP-XL-R-08-n200,XL,200,DRL-ALNS,3,2805.351585533924,5567.016090605588,236.11645279999357,6000
CSDVRP-XL-R-08-n200,XL,200,DRL-ALNS,4,2734.267548633371,5567.016090605588,247.67192100000102,6000
CSDVRP-XL-R-08-n200,XL,200,DRL-ALNS,5,2788.501266554116,5567.016090605588,270.5402600999805,6000
CSDVRP-XL-R-10-n150,XL,150,CW,1,4490.333146285727,4490.333146285727,0.036691699991934,0
CSDVRP-XL-R-10-n150,XL,150,ClassicalALNS,1,2572.7279729980314,4490.333146285727,273.4639776000113,5000
CSDVRP-XL-R-10-n150,XL,150,ClassicalALNS,2,2542.569774741541,4490.333146285727,248.38249000001815,5000
CSDVRP-XL-R-10-n150,XL,150,ClassicalALNS,3,2363.7267163985234,4490.333146285727,226.4743218999938,5000
CSDVRP-XL-R-10-n150,XL,150,ClassicalALNS,4,2416.120582026288,4490.333146285727,408.97710439999355,5000
CSDVRP-XL-R-10-n150,XL,150,ClassicalALNS,5,2578.510524565076,4490.333146285727,240.44469149998622,5000
CSDVRP-XL-R-10-n150,XL,150,DRL-ALNS,1,2411.33862985388,4490.333146285727,172.78458719997434,5000
CSDVRP-XL-R-10-n150,XL,150,DRL-ALNS,2,2436.845870000678,4490.333146285727,135.80393449999974,5000
CSDVRP-XL-R-10-n150,XL,150,DRL-ALNS,3,2442.755976042207,4490.333146285727,215.6863360000134,5000
CSDVRP-XL-R-10-n150,XL,150,DRL-ALNS,4,2579.450554382089,4490.333146285727,177.4192056999891,5000
CSDVRP-XL-R-10-n150,XL,150,DRL-ALNS,5,2664.7241183679503,4490.333146285727,115.1256586999807,5000
CSDVRP-XL-R-09-n200,XL,200,CW,1,5230.453572612438,5230.453572612438,0.027904100017622113,0
CSDVRP-XL-R-09-n200,XL,200,ClassicalALNS,1,2981.8929353652456,5230.453572612438,442.2163126000087,6000
CSDVRP-XL-R-09-n200,XL,200,ClassicalALNS,2,2999.0238831355273,5230.453572612438,430.5705172000162,6000
CSDVRP-XL-R-09-n200,XL,200,ClassicalALNS,3,2990.095669059162,5230.453572612438,385.9029531000124,6000
CSDVRP-XL-R-09-n200,XL,200,ClassicalALNS,4,3037.3483265949476,5230.453572612438,380.2214306000096,6000
CSDVRP-XL-R-09-n200,XL,200,ClassicalALNS,5,3001.9526162373804,5230.453572612438,471.8047932999907,6000
CSDVRP-XL-R-09-n200,XL,200,DRL-ALNS,1,3024.236338532011,5230.453572612438,374.7052416999941,6000
CSDVRP-XL-R-09-n200,XL,200,DRL-ALNS,2,3051.4653289912085,5230.453572612438,215.9562639000069,6000
CSDVRP-XL-R-09-n200,XL,200,DRL-ALNS,3,2986.720180969568,5230.453572612438,288.663341699983,6000
CSDVRP-XL-R-09-n200,XL,200,DRL-ALNS,4,3049.7067338335887,5230.453572612438,230.12544949998846,6000
CSDVRP-XL-R-09-n200,XL,200,DRL-ALNS,5,3049.3373891287333,5230.453572612438,133.8314869000169,6000
CSDVRP-XL-R-10-n200,XL,200,CW,1,5706.787286371791,5706.787286371791,0.07036599999992177,0
CSDVRP-XL-R-10-n200,XL,200,ClassicalALNS,1,2877.2688124807933,5706.787286371791,341.2183129999903,6000
CSDVRP-XL-R-10-n200,XL,200,ClassicalALNS,2,2912.4610047831093,5706.787286371791,447.34136680001393,6000
CSDVRP-XL-R-10-n200,XL,200,ClassicalALNS,3,2883.3421149688434,5706.787286371791,475.2101598000154,6000
CSDVRP-XL-R-10-n200,XL,200,ClassicalALNS,4,2996.1900723561776,5706.787286371791,260.0030138999864,6000
CSDVRP-XL-R-10-n200,XL,200,ClassicalALNS,5,3010.727703414949,5706.787286371791,300.73398339998676,6000
CSDVRP-XL-R-10-n200,XL,200,DRL-ALNS,1,2712.379365945932,5706.787286371791,233.02876919999835,6000
CSDVRP-XL-R-10-n200,XL,200,DRL-ALNS,2,2796.9018969823564,5706.787286371791,138.06655849999515,6000
CSDVRP-XL-R-10-n200,XL,200,DRL-ALNS,3,2936.640133161014,5706.787286371791,121.57718130000285,6000
CSDVRP-XL-R-10-n200,XL,200,DRL-ALNS,4,2706.195859738801,5706.787286371791,114.94442339998204,6000
CSDVRP-XL-R-10-n200,XL,200,DRL-ALNS,5,2728.197856262843,5706.787286371791,105.73719610000262,6000
